Date,Open,High,Low,Close,Adj Close,Volume,VIX Closed,S&P Close,Percentage Change (Low),Percentage Change (High),Percentage Change (Close),Percentage Change(Volume),Percentage Change(Vix),Percentage Change(S&P),Next Day Percentage Change (Closed)
7/2/2018,1.6,1.65,1.56,1.58,1.58,566000,15.6,249.800003,,,,,,,
7/3/2018,1.56,1.62,1.56,1.59,1.59,463600,16.139999,248.789993,0.00%,-1.82%,0.63%,-18.09%,3.46%,-0.40%,-0.63%
7/5/2018,1.58,1.59,1.56,1.58,1.58,266100,14.97,250.919998,0.00%,-1.85%,-0.63%,-42.60%,-7.25%,0.86%,0.00%
7/6/2018,1.57,1.59,1.54,1.58,1.58,462000,13.37,253.009995,-1.28%,0.00%,0.00%,73.62%,-10.69%,0.83%,-3.16%
7/9/2018,1.57,1.58,1.53,1.53,1.53,1357400,12.69,255.25,-0.65%,-0.63%,-3.16%,193.81%,-5.09%,0.89%,-3.27%
7/10/2018,1.54,1.54,1.45,1.48,1.48,1063800,12.64,256.140015,-5.23%,-2.53%,-3.27%,-21.63%,-0.39%,0.35%,-0.68%
7/11/2018,1.48,1.49,1.47,1.47,1.47,385100,13.63,254.389999,-0.65%,-3.25%,-0.68%,-63.80%,7.83%,-0.68%,0.00%
7/12/2018,1.47,1.5,1.47,1.47,1.47,324800,12.58,256.570007,-5.23%,0.67%,0.00%,-15.66%,-7.70%,0.86%,3.40%
7/13/2018,1.48,1.53,1.47,1.52,1.52,657300,12.18,256.790009,1.38%,2.00%,3.40%,102.37%,-3.18%,0.09%,-3.95%
7/16/2018,1.52,1.54,1.46,1.46,1.46,1404700,12.83,256.630005,0.00%,0.65%,-3.95%,113.71%,5.34%,-0.06%,-3.42%
7/17/2018,1.46,1.47,1.35,1.41,1.41,2388600,12.06,257.730011,0.00%,-4.55%,-3.42%,70.04%,-6.00%,0.43%,8.51%
7/18/2018,1.4,1.55,1.4,1.53,1.53,1032400,12.1,258.200012,-0.68%,5.44%,8.51%,-56.78%,0.33%,0.18%,1.31%
7/19/2018,1.56,1.59,1.51,1.55,1.55,1021800,12.87,257.220001,-7.53%,2.58%,1.31%,-1.03%,6.36%,-0.38%,1.29%
7/20/2018,1.54,1.59,1.54,1.57,1.57,928200,12.86,256.980011,3.70%,0.00%,1.29%,-9.16%,-0.08%,-0.09%,2.55%
7/23/2018,1.58,1.63,1.55,1.61,1.61,1015300,12.62,257.470001,7.86%,2.52%,2.55%,9.38%,-1.87%,0.19%,0.00%
7/24/2018,1.63,1.63,1.59,1.61,1.61,642800,12.41,258.679993,1.99%,0.00%,0.00%,-36.69%,-1.66%,0.47%,-0.62%
7/25/2018,1.61,1.61,1.58,1.6,1.6,320300,12.29,261.049988,0.65%,-1.23%,-0.62%,-50.17%,-0.97%,0.92%,-2.50%
7/26/2018,1.59,1.6,1.53,1.56,1.56,525100,12.14,260.279999,2.58%,-0.62%,-2.50%,63.94%,-1.22%,-0.29%,-1.28%
7/27/2018,1.54,1.55,1.51,1.54,1.54,425300,13.03,258.589996,-0.63%,-3.13%,-1.28%,-19.01%,7.33%,-0.65%,0.65%
7/30/2018,1.55,1.58,1.46,1.55,1.55,3501900,14.26,257.100006,-3.16%,1.94%,0.65%,723.40%,9.44%,-0.58%,-1.94%
7/31/2018,1.56,1.57,1.5,1.52,1.52,386000,12.83,258.399994,-1.31%,-0.63%,-1.94%,-88.98%,-10.03%,0.51%,3.29%
8/1/2018,1.53,1.57,1.5,1.57,1.57,701000,13.15,258.079987,-3.31%,0.00%,3.29%,81.61%,2.49%,-0.12%,-1.91%
8/2/2018,1.55,1.57,1.51,1.54,1.54,276700,12.19,259.390015,2.74%,0.00%,-1.91%,-60.53%,-7.30%,0.51%,1.95%
8/3/2018,1.54,1.58,1.49,1.57,1.57,1348500,11.64,260.660004,0.00%,0.64%,1.95%,387.35%,-4.51%,0.49%,0.00%
8/6/2018,1.57,1.59,1.55,1.57,1.57,597500,11.27,261.640015,0.67%,0.63%,0.00%,-55.69%,-3.18%,0.38%,0.64%
8/7/2018,1.57,1.59,1.56,1.58,1.58,436200,10.93,262.369995,-1.32%,0.00%,0.64%,-27.00%,-3.02%,0.28%,-0.63%
8/8/2018,1.57,1.59,1.56,1.57,1.57,638200,10.85,262.230011,4.03%,0.00%,-0.63%,46.31%,-0.73%,-0.05%,1.27%
8/9/2018,1.57,1.59,1.57,1.59,1.59,600300,11.27,261.899994,0.65%,0.00%,1.27%,-5.94%,3.87%,-0.13%,-1.26%
8/10/2018,1.58,1.6,1.57,1.57,1.57,263000,13.16,260.119995,0.00%,0.63%,-1.26%,-56.19%,16.77%,-0.68%,1.27%
8/13/2018,1.58,1.59,1.56,1.59,1.59,323600,14.78,259.140015,0.64%,-0.62%,1.27%,23.04%,12.31%,-0.38%,-1.89%
8/14/2018,1.57,1.58,1.56,1.56,1.56,245600,13.31,260.809998,0.00%,-0.63%,-1.89%,-24.10%,-9.95%,0.64%,0.00%
8/15/2018,1.57,1.57,1.54,1.56,1.56,456300,14.64,258.890015,-0.64%,-0.63%,0.00%,85.79%,9.99%,-0.74%,-0.64%
8/16/2018,1.55,1.57,1.54,1.55,1.55,803400,13.45,260.98999,0.00%,0.00%,-0.64%,76.07%,-8.13%,0.81%,0.65%
8/17/2018,1.53,1.58,1.53,1.56,1.56,629100,12.64,261.859985,-1.28%,0.64%,0.65%,-21.70%,-6.02%,0.33%,0.00%
8/20/2018,1.55,1.58,1.55,1.56,1.56,1019500,12.49,262.440002,0.00%,0.00%,0.00%,62.06%,-1.19%,0.22%,6.41%
8/21/2018,1.58,1.69,1.58,1.66,1.66,4292700,12.86,263.01001,-0.65%,6.96%,6.41%,321.06%,2.96%,0.22%,11.45%
8/22/2018,1.7,1.87,1.68,1.85,1.85,4448800,12.25,262.929993,1.31%,10.65%,11.45%,3.64%,-4.74%,-0.03%,-5.95%
8/23/2018,1.95,1.96,1.71,1.74,1.74,5428500,12.41,262.549988,1.94%,4.81%,-5.95%,22.02%,1.31%,-0.14%,-6.32%
8/24/2018,1.71,1.74,1.6,1.63,1.63,2341900,11.99,264.200012,6.33%,-11.22%,-6.32%,-56.86%,-3.38%,0.63%,3.07%
8/27/2018,1.63,1.69,1.61,1.68,1.68,3000900,12.16,266.190002,1.79%,-2.87%,3.07%,28.14%,1.42%,0.75%,-4.76%
8/28/2018,1.67,1.69,1.58,1.6,1.6,2383800,12.5,266.339996,-6.43%,0.00%,-4.76%,-20.56%,2.80%,0.06%,0.63%
8/29/2018,1.6,1.65,1.58,1.61,1.61,1357900,12.25,267.799988,0.63%,-2.37%,0.63%,-43.04%,-2.00%,0.55%,-1.86%
8/30/2018,1.6,1.63,1.56,1.58,1.58,953200,13.53,266.709991,-1.86%,-1.21%,-1.86%,-29.80%,10.45%,-0.41%,-4.43%
8/31/2018,1.58,1.58,1.51,1.51,1.51,3504800,12.86,266.720001,0.00%,-3.07%,-4.43%,267.69%,-4.95%,0.00%,2.65%
9/4/2018,1.52,1.55,1.5,1.55,1.55,879100,13.16,266.350006,-1.27%,-1.90%,2.65%,-74.92%,2.33%,-0.14%,-1.94%
9/5/2018,1.55,1.56,1.51,1.52,1.52,693200,13.91,265.600006,-3.21%,0.65%,-1.94%,-21.15%,5.70%,-0.28%,0.00%
9/6/2018,1.53,1.54,1.51,1.52,1.52,310600,14.65,264.820007,-0.66%,-1.28%,0.00%,-55.19%,5.32%,-0.29%,-1.32%
9/7/2018,1.52,1.52,1.48,1.5,1.5,848100,14.88,264.179993,0.67%,-1.30%,-1.32%,173.05%,1.57%,-0.24%,-1.33%
9/10/2018,1.49,1.5,1.47,1.48,1.48,448700,14.16,264.679993,0.00%,-1.32%,-1.33%,-47.09%,-4.84%,0.19%,-0.68%
9/11/2018,1.48,1.48,1.45,1.47,1.47,641000,13.22,265.679993,-1.99%,-1.33%,-0.68%,42.86%,-6.64%,0.38%,2.72%
9/12/2018,1.45,1.54,1.45,1.51,1.51,657400,13.14,265.709991,-0.68%,4.05%,2.72%,2.56%,-0.61%,0.01%,0.00%
9/13/2018,1.53,1.56,1.51,1.51,1.51,524200,12.37,267.220001,-1.36%,1.30%,0.00%,-20.26%,-5.86%,0.57%,-0.66%
9/14/2018,1.51,1.52,1.49,1.5,1.5,352700,12.07,267.359985,0.00%,-2.56%,-0.66%,-32.72%,-2.43%,0.05%,-2.00%
9/17/2018,1.5,1.52,1.46,1.47,1.47,655900,13.68,265.850006,4.14%,0.00%,-2.00%,85.97%,13.34%,-0.56%,0.68%
9/18/2018,1.46,1.49,1.46,1.48,1.48,317400,12.79,267.299988,-1.32%,-1.97%,0.68%,-51.61%,-6.51%,0.55%,-0.68%
9/19/2018,1.48,1.48,1.45,1.47,1.47,606300,11.75,267.600006,-2.01%,-0.67%,-0.68%,91.02%,-8.13%,0.11%,-1.36%
9/20/2018,1.48,1.49,1.45,1.45,1.45,717400,11.8,269.75,0.00%,0.68%,-1.36%,18.32%,0.43%,0.80%,0.69%
9/21/2018,1.45,1.48,1.45,1.46,1.46,474200,11.68,269.559998,-0.68%,-0.67%,0.69%,-33.90%,-1.02%,-0.07%,-0.68%
9/24/2018,1.47,1.47,1.45,1.45,1.45,468300,12.2,268.660004,0.00%,-0.68%,-0.68%,-1.24%,4.45%,-0.33%,-0.69%
9/25/2018,1.46,1.47,1.43,1.44,1.44,498400,12.42,268.329987,0.00%,0.00%,-0.69%,6.43%,1.80%,-0.12%,-1.39%
9/26/2018,1.45,1.45,1.41,1.42,1.42,833700,12.89,266.339996,0.00%,-1.36%,-1.39%,67.28%,3.78%,-0.74%,-2.11%
9/27/2018,1.41,1.44,1.38,1.39,1.39,1210200,12.41,267.079987,-1.38%,-0.69%,-2.11%,45.16%,-3.72%,0.28%,0.72%
9/28/2018,1.39,1.43,1.35,1.4,1.4,4681800,12.12,267.049988,-1.40%,-0.69%,0.72%,286.86%,-2.34%,-0.01%,0.71%
10/1/2018,1.46,1.46,1.41,1.41,1.41,2018800,12,268.040009,-2.13%,2.10%,0.71%,-56.88%,-0.99%,0.37%,-1.42%
10/2/2018,1.41,1.43,1.37,1.39,1.39,1896700,12.05,268.01001,-2.17%,-2.05%,-1.42%,-6.05%,0.42%,-0.01%,-1.44%
10/3/2018,1.38,1.46,1.35,1.37,1.37,4709200,11.61,268.23999,4.44%,2.10%,-1.44%,148.28%,-3.65%,0.09%,-0.73%
10/4/2018,1.36,1.39,1.35,1.36,1.36,1317900,14.22,266.040009,-2.84%,-4.79%,-0.73%,-72.01%,22.48%,-0.82%,-2.94%
10/5/2018,1.35,1.39,1.32,1.32,1.32,1575500,14.82,264.540009,-1.46%,0.00%,-2.94%,19.55%,4.22%,-0.56%,0.00%
10/8/2018,1.35,1.35,1.27,1.32,1.32,865600,15.69,264.470001,0.00%,-2.88%,0.00%,-45.06%,5.87%,-0.03%,-0.76%
10/9/2018,1.33,1.34,1.3,1.31,1.31,679100,15.95,264.130005,-2.22%,-0.74%,-0.76%,-21.55%,1.66%,-0.13%,-3.05%
10/10/2018,1.31,1.32,1.27,1.27,1.27,971200,22.959999,255.600006,-3.79%,-1.49%,-3.05%,43.01%,43.95%,-3.23%,-0.79%
10/11/2018,1.26,1.31,1.2,1.26,1.26,1148200,24.98,250.220001,2.36%,-0.76%,-0.79%,18.22%,8.80%,-2.10%,0.79%
10/12/2018,1.26,1.3,1.26,1.27,1.27,833000,21.309999,253.600006,-2.31%,-0.76%,0.79%,-27.45%,-14.69%,1.35%,-2.36%
10/15/2018,1.27,1.31,1.23,1.24,1.24,2599400,21.299999,252.210007,-5.51%,0.77%,-2.36%,212.05%,-0.05%,-0.55%,1.61%
10/16/2018,1.23,1.27,1.23,1.26,1.26,1068700,17.620001,257.579987,5.00%,-3.05%,1.61%,-58.89%,-17.28%,2.13%,2.38%
10/17/2018,1.25,1.32,1.25,1.29,1.29,747100,17.4,257.670013,-2.38%,3.94%,2.38%,-30.09%,-1.25%,0.03%,-0.78%
10/18/2018,1.27,1.3,1.26,1.28,1.28,380700,20.059999,254.050003,0.00%,-1.52%,-0.78%,-49.04%,15.29%,-1.40%,7.81%
10/19/2018,1.32,1.43,1.3,1.38,1.38,2076800,19.889999,253.850006,1.63%,10.00%,7.81%,445.52%,-0.85%,-0.08%,0.00%
10/22/2018,1.39,1.42,1.37,1.38,1.38,1109300,19.639999,252.800003,0.80%,-0.70%,0.00%,-46.59%,-1.26%,-0.41%,-0.72%
10/23/2018,1.38,1.38,1.3,1.37,1.37,1825600,20.709999,251.279999,3.17%,-2.82%,-0.72%,64.57%,5.45%,-0.60%,0.00%
10/24/2018,1.37,1.4,1.35,1.37,1.37,1109200,25.23,243.779999,5.38%,1.45%,0.00%,-39.24%,21.83%,-2.98%,2.19%
10/25/2018,1.36,1.42,1.35,1.4,1.4,3080800,24.219999,248.149994,-5.11%,1.43%,2.19%,177.75%,-4.00%,1.79%,-1.43%
10/26/2018,1.39,1.39,1.36,1.38,1.38,598900,24.16,243.759995,3.85%,-2.11%,-1.43%,-80.56%,-0.25%,-1.77%,-3.62%
10/29/2018,1.39,1.4,1.3,1.33,1.33,1263600,24.700001,242.5,0.00%,0.72%,-3.62%,110.99%,2.24%,-0.52%,-5.26%
10/30/2018,1.31,1.36,1.24,1.26,1.26,2466300,23.35,246.210007,0.74%,-2.86%,-5.26%,95.18%,-5.47%,1.53%,0.79%
10/31/2018,1.3,1.31,1.25,1.27,1.27,2360000,21.23,248.789993,-4.41%,-3.68%,0.79%,-4.31%,-9.08%,1.05%,3.15%
11/1/2018,1.28,1.31,1.26,1.31,1.31,797700,19.34,251.369995,-4.62%,0.00%,3.15%,-66.20%,-8.90%,1.04%,-1.53%
11/2/2018,1.31,1.32,1.28,1.29,1.29,2526400,19.51,249.809998,0.81%,0.76%,-1.53%,216.71%,0.88%,-0.62%,-0.78%
11/5/2018,1.3,1.3,1.26,1.28,1.28,2484500,19.959999,251.229996,0.80%,-1.52%,-0.78%,-1.66%,2.31%,0.57%,0.78%
11/6/2018,1.27,1.29,1.27,1.29,1.29,1451700,19.91,252.820007,1.59%,-0.77%,0.78%,-41.57%,-0.25%,0.63%,0.00%
11/7/2018,1.28,1.32,1.27,1.29,1.29,2984200,16.360001,258.160004,-1.56%,2.33%,0.00%,105.57%,-17.83%,2.11%,-1.55%
11/8/2018,1.29,1.31,1.26,1.27,1.27,1463600,16.719999,257.720001,0.79%,-0.76%,-1.55%,-50.96%,2.20%,-0.17%,-1.57%
11/9/2018,1.26,1.28,1.24,1.25,1.25,2254600,17.360001,255.339996,0.00%,-2.29%,-1.57%,54.04%,3.83%,-0.92%,-0.80%
11/12/2018,1.25,1.26,1.22,1.24,1.24,1609300,20.450001,250.410004,-0.79%,-1.56%,-0.80%,-28.62%,17.80%,-1.93%,0.81%
11/13/2018,1.26,1.26,1.24,1.25,1.25,641700,20.02,249.990005,-1.59%,0.00%,0.81%,-60.13%,-2.10%,-0.17%,-2.40%
11/14/2018,1.24,1.26,1.22,1.22,1.22,1091600,21.25,248.279999,-1.61%,0.00%,-2.40%,70.11%,6.14%,-0.68%,-1.64%
11/15/2018,1.22,1.23,1.18,1.2,1.2,13745600,19.98,250.850006,1.64%,-2.38%,-1.64%,1159.22%,-5.98%,1.04%,-0.83%
11/16/2018,1.21,1.22,1.13,1.19,1.19,6463000,18.139999,251.490005,-1.61%,-0.81%,-0.83%,-52.98%,-9.21%,0.26%,-1.68%
11/19/2018,1.2,1.21,1.12,1.17,1.17,1400600,20.1,247.320007,-3.28%,-0.82%,-1.68%,-78.33%,10.80%,-1.66%,-0.85%
11/20/2018,1.18,1.18,1.13,1.16,1.16,1964900,22.48,242.770004,-4.24%,-2.48%,-0.85%,40.29%,11.84%,-1.84%,-0.86%
11/21/2018,1.18,1.2,1.14,1.15,1.15,5355000,20.799999,243.580002,-0.88%,1.69%,-0.86%,172.53%,-7.47%,0.33%,-0.87%
11/23/2018,1.18,1.18,1.14,1.14,1.14,369000,21.52,242.009995,0.89%,-1.67%,-0.87%,-93.11%,3.46%,-0.64%,0.00%
11/26/2018,1.15,1.16,1.12,1.14,1.14,1844500,18.9,245.800003,0.88%,-1.69%,0.00%,399.86%,-12.17%,1.57%,-0.88%
11/27/2018,1.15,1.17,1.13,1.13,1.13,1695800,19.02,246.570007,0.00%,0.86%,-0.88%,-8.06%,0.63%,0.31%,3.54%
11/28/2018,1.14,1.19,1.13,1.17,1.17,3214800,18.49,252.330002,-1.75%,1.71%,3.54%,89.57%,-2.79%,2.34%,-0.85%
11/29/2018,1.18,1.18,1.14,1.16,1.16,3421100,18.790001,251.809998,0.89%,-0.84%,-0.85%,6.42%,1.62%,-0.21%,0.86%
11/30/2018,1.15,1.18,1.15,1.17,1.17,2661300,18.07,253.479996,0.00%,0.00%,0.86%,-22.21%,-3.83%,0.66%,3.42%
12/3/2018,1.2,1.22,1.17,1.21,1.21,2337800,16.440001,256.609985,0.88%,3.39%,3.42%,-12.16%,-9.02%,1.23%,0.83%
12/4/2018,1.21,1.22,1.19,1.22,1.22,5036100,20.74,248.649994,0.88%,0.00%,0.83%,115.42%,26.16%,-3.10%,-1.64%
12/6/2018,1.19,1.22,1.19,1.2,1.2,3093100,21.190001,248.020004,1.74%,0.00%,-1.64%,-38.58%,2.17%,-0.25%,0.83%
12/7/2018,1.21,1.22,1.04,1.21,1.21,2844300,23.23,242.259995,1.71%,0.00%,0.83%,-8.04%,9.63%,-2.32%,0.00%
12/10/2018,1.22,1.22,1.19,1.21,1.21,3922300,22.639999,242.550003,0.00%,0.00%,0.00%,37.90%,-2.54%,0.12%,-4.13%
12/11/2018,1.21,1.21,1.16,1.16,1.16,1625600,21.76,242.619995,-12.61%,-0.82%,-4.13%,-58.55%,-3.89%,0.03%,-2.59%
12/12/2018,1.18,1.18,1.11,1.13,1.13,2642800,21.459999,243.960007,14.42%,-2.48%,-2.59%,62.57%,-1.38%,0.55%,0.00%
12/13/2018,1.13,1.15,1.12,1.13,1.13,905000,20.65,243.880005,-2.52%,-2.54%,0.00%,-65.76%,-3.77%,-0.03%,0.00%
12/14/2018,1.13,1.14,1.12,1.13,1.13,1189200,21.629999,239.380005,-4.31%,-0.87%,0.00%,31.40%,4.75%,-1.85%,-3.54%
12/17/2018,1.13,1.15,1.08,1.09,1.09,1271600,24.52,233.229996,0.90%,0.88%,-3.54%,6.93%,13.36%,-2.57%,4.59%
12/18/2018,1.08,1.16,0.98,1.14,1.14,3511300,25.58,233.139999,0.00%,0.87%,4.59%,176.13%,4.32%,-0.04%,5.26%
12/19/2018,1.22,1.31,1.13,1.2,1.2,6426900,25.58,229.419998,-3.57%,12.93%,5.26%,83.03%,0.00%,-1.60%,-4.17%
12/20/2018,1.22,1.25,1.1,1.15,1.15,1825400,28.379999,225.649994,-9.26%,-4.58%,-4.17%,-71.60%,10.95%,-1.64%,0.00%
12/21/2018,1.14,1.16,1.11,1.15,1.15,1351900,30.110001,221.160004,15.31%,-7.20%,0.00%,-25.94%,6.10%,-1.99%,-4.35%
12/24/2018,1.13,1.15,1.09,1.1,1.1,1338100,36.07,215.070007,-2.65%,-0.86%,-4.35%,-1.02%,19.79%,-2.75%,-0.91%
12/26/2018,1.1,1.11,1.05,1.09,1.09,1405500,30.41,225.949997,0.91%,-3.48%,-0.91%,5.04%,-15.69%,5.06%,1.83%
12/27/2018,1.07,1.12,1.07,1.11,1.11,1949100,29.959999,228.050003,-1.80%,0.90%,1.83%,38.68%,-1.48%,0.93%,-3.60%
12/28/2018,1.11,1.11,1.06,1.07,1.07,2654900,28.34,227.759995,-3.67%,-0.89%,-3.60%,36.21%,-5.41%,-0.13%,-0.93%
12/31/2018,1.09,1.1,1.05,1.06,1.06,1687700,25.42,229.809998,1.90%,-0.90%,-0.93%,-36.43%,-10.30%,0.90%,2.83%
1/2/2019,1.09,1.1,1.06,1.09,1.09,841000,23.219999,229.990005,-0.93%,0.00%,2.83%,-50.17%,-8.65%,0.08%,3.67%
1/3/2019,1.08,1.16,1.08,1.13,1.13,1350800,25.450001,224.5,-0.94%,5.45%,3.67%,60.62%,9.60%,-2.39%,9.73%
1/4/2019,1.1,1.24,1.1,1.24,1.24,2275100,21.379999,231.910004,0.95%,6.90%,9.73%,68.43%,-15.99%,3.30%,13.71%
1/7/2019,1.24,1.48,1.24,1.41,1.41,4836700,21.4,233.649994,1.89%,19.35%,13.71%,112.59%,0.09%,0.75%,14.89%
1/8/2019,1.44,1.64,1.34,1.62,1.62,5686000,20.469999,235.919998,1.85%,10.81%,14.89%,17.56%,-4.35%,0.97%,14.81%
1/9/2019,1.62,1.87,1.61,1.86,1.86,9098600,19.98,237.009995,12.73%,14.02%,14.81%,60.02%,-2.39%,0.46%,-4.84%
1/10/2019,1.91,1.99,1.53,1.77,1.77,19171600,19.5,238,8.06%,6.42%,-4.84%,110.71%,-2.40%,0.42%,-7.91%
1/11/2019,1.79,1.8,1.6,1.63,1.63,3690000,18.190001,237.889999,20.15%,-9.55%,-7.91%,-80.75%,-6.72%,-0.05%,7.36%
1/14/2019,1.62,1.78,1.49,1.75,1.75,4463700,19.07,236.580002,-4.97%,-1.11%,7.36%,20.97%,4.84%,-0.55%,6.29%
1/15/2019,1.75,1.86,1.7,1.86,1.86,7163000,18.6,239.350006,4.58%,4.49%,6.29%,60.47%,-2.46%,1.17%,-1.61%
1/16/2019,1.86,1.87,1.77,1.83,1.83,2896700,19.040001,239.880005,-6.88%,0.54%,-1.61%,-59.56%,2.37%,0.22%,-1.09%
1/17/2019,1.84,1.84,1.76,1.81,1.81,1629600,18.059999,241.669998,14.09%,-1.60%,-1.09%,-43.74%,-5.15%,0.75%,31.49%
1/18/2019,1.81,2.5,1.77,2.38,2.38,23043400,17.799999,244.919998,4.12%,35.87%,31.49%,1314.05%,-1.44%,1.34%,5.46%
1/22/2019,2.44,2.85,2.38,2.51,2.51,17703400,20.799999,241.660004,-0.56%,14.00%,5.46%,-23.17%,16.85%,-1.33%,-5.58%
1/23/2019,2.52,2.6,2.29,2.37,2.37,7972700,19.52,242.020004,0.57%,-8.77%,-5.58%,-54.97%,-6.15%,0.15%,19.41%
1/24/2019,2.44,2.84,2.33,2.83,2.83,8424400,18.889999,242.259995,34.46%,9.23%,19.41%,5.67%,-3.23%,0.10%,1.41%
1/25/2019,2.98,3.06,2.76,2.87,2.87,10554800,17.42,244.320007,-3.78%,7.75%,1.41%,25.29%,-7.78%,0.85%,-0.35%
1/28/2019,2.91,2.95,2.77,2.86,2.86,3827900,18.870001,242.429993,1.75%,-3.59%,-0.35%,-63.73%,8.32%,-0.77%,-22.03%
1/29/2019,2.86,2.99,2.06,2.23,2.23,10563700,19.129999,242.130005,18.45%,1.36%,-22.03%,175.97%,1.38%,-0.12%,0.90%
1/30/2019,2.18,2.46,2.05,2.25,2.25,8214700,17.66,245.960007,0.36%,-17.73%,0.90%,-22.24%,-7.68%,1.58%,9.33%
1/31/2019,2.25,2.47,2.23,2.46,2.46,5104300,16.57,248.009995,-25.63%,0.41%,9.33%,-37.86%,-6.17%,0.83%,3.25%
2/1/2019,2.48,2.68,2.31,2.54,2.54,4693700,16.139999,248.220001,-0.49%,8.50%,3.25%,-8.04%,-2.60%,0.08%,-3.94%
2/4/2019,2.6,2.61,2.4,2.44,2.44,2805900,15.73,249.990005,8.78%,-2.61%,-3.94%,-40.22%,-2.54%,0.71%,-5.74%
2/5/2019,2.45,2.48,2.26,2.3,2.3,2917800,15.57,251.100006,3.59%,-4.98%,-5.74%,3.99%,-1.02%,0.44%,1.30%
2/6/2019,2.35,2.41,2.22,2.33,2.33,2579800,15.38,250.789993,3.90%,-2.82%,1.30%,-11.58%,-1.22%,-0.12%,-2.15%
2/7/2019,2.28,2.33,2.25,2.28,2.28,1290900,16.370001,248.330002,-5.83%,-3.32%,-2.15%,-49.96%,6.44%,-0.98%,2.19%
2/8/2019,2.29,2.4,2.27,2.33,2.33,1278300,15.72,248.649994,-1.77%,3.00%,2.19%,-0.98%,-3.97%,0.13%,-0.43%
2/11/2019,2.34,2.4,2.28,2.32,2.32,1342000,15.97,248.779999,1.35%,0.00%,-0.43%,4.98%,1.59%,0.05%,5.17%
2/12/2019,2.34,2.45,2.33,2.44,2.44,1550900,15.43,252,0.89%,2.08%,5.17%,15.57%,-3.38%,1.29%,3.69%
2/13/2019,2.49,2.55,2.44,2.53,2.53,2678100,15.65,252.759995,0.44%,4.08%,3.69%,72.68%,1.43%,0.30%,-2.77%
2/14/2019,2.55,2.55,2.3,2.46,2.46,2728700,16.219999,252.199997,2.19%,0.00%,-2.77%,1.89%,3.64%,-0.22%,4.47%
2/15/2019,2.47,2.64,2.44,2.57,2.57,6603400,14.91,254.979996,4.72%,3.53%,4.47%,142.00%,-8.08%,1.10%,1.56%
2/19/2019,2.57,2.68,2.53,2.61,2.61,2405600,14.88,255.419998,-5.74%,1.52%,1.56%,-63.57%,-0.20%,0.17%,5.75%
2/20/2019,2.62,2.78,2.59,2.76,2.76,3733700,14.02,256.01001,6.09%,3.73%,5.75%,55.21%,-5.78%,0.23%,0.36%
2/21/2019,2.76,2.77,2.64,2.77,2.77,3686800,14.46,255.080002,3.69%,-0.36%,0.36%,-1.26%,3.14%,-0.36%,-0.72%
2/22/2019,2.77,2.83,2.75,2.75,2.75,5839700,13.51,256.609985,2.37%,2.17%,-0.72%,58.39%,-6.57%,0.60%,-1.45%
2/25/2019,2.77,2.79,2.58,2.71,2.71,2313500,14.85,256.98999,1.93%,-1.41%,-1.45%,-60.38%,9.92%,0.15%,-4.06%
2/26/2019,2.7,2.71,2.6,2.6,2.6,1199700,15.17,256.799988,4.17%,-2.87%,-4.06%,-48.14%,2.15%,-0.07%,-1.15%
2/27/2019,2.57,2.59,2.48,2.57,2.57,2284100,14.7,256.670013,-6.18%,-4.43%,-1.15%,90.39%,-3.10%,-0.05%,0.00%
2/28/2019,2.55,2.59,2.52,2.57,2.57,2217000,14.78,256.070007,0.78%,0.00%,0.00%,-2.94%,0.54%,-0.23%,1.95%
3/1/2019,2.56,2.68,2.55,2.62,2.62,2825100,13.57,257.829987,-4.62%,3.47%,1.95%,27.43%,-8.19%,0.69%,2.29%
3/4/2019,2.59,2.69,2.57,2.68,2.68,2766700,14.63,256.839996,1.61%,0.37%,2.29%,-2.07%,7.81%,-0.38%,1.12%
3/5/2019,2.68,2.75,2.67,2.71,2.71,3345500,14.74,256.540009,1.19%,2.23%,1.12%,20.92%,0.75%,-0.12%,-2.21%
3/6/2019,2.67,2.74,2.62,2.65,2.65,3873700,15.74,254.899994,0.78%,-0.36%,-2.21%,15.79%,6.78%,-0.64%,-1.51%
3/7/2019,2.63,2.64,2.59,2.61,2.61,856800,16.59,252.850006,3.89%,-3.65%,-1.51%,-77.88%,5.40%,-0.80%,-1.92%
3/8/2019,2.61,2.62,2.52,2.56,2.56,1677800,16.049999,252.339996,-1.87%,-0.76%,-1.92%,95.82%,-3.25%,-0.20%,-0.78%
3/11/2019,2.57,2.58,2.52,2.54,2.54,1881500,14.33,256.019989,-1.15%,-1.53%,-0.78%,12.14%,-10.72%,1.46%,-0.79%
3/12/2019,2.54,2.57,2.45,2.52,2.52,2703100,13.77,256.929993,-2.70%,-0.39%,-0.79%,43.67%,-3.91%,0.36%,2.38%
3/13/2019,2.51,2.6,2.47,2.58,2.58,2541800,13.41,258.679993,0.00%,1.17%,2.38%,-5.97%,-2.61%,0.68%,1.94%
3/14/2019,2.61,2.68,2.58,2.63,2.63,3270300,13.5,258.589996,-2.78%,3.08%,1.94%,28.66%,0.67%,-0.03%,-1.14%
3/15/2019,2.64,2.65,2.6,2.6,2.6,1157400,12.88,259.850006,0.82%,-1.12%,-1.14%,-64.61%,-4.59%,0.49%,-1.54%
3/18/2019,2.57,2.59,2.55,2.56,2.56,792000,13.1,260.779999,4.45%,-2.26%,-1.54%,-31.57%,1.71%,0.36%,-2.34%
3/19/2019,2.58,2.59,2.48,2.5,2.5,1896200,13.56,260.859985,0.78%,0.00%,-2.34%,139.42%,3.51%,0.03%,-0.80%
3/20/2019,2.49,2.5,2.44,2.48,2.48,1279600,13.91,259.929993,-1.92%,-3.47%,-0.80%,-32.52%,2.58%,-0.36%,2.02%
3/21/2019,2.49,2.53,2.39,2.53,2.53,2713100,13.63,261.429993,-2.75%,1.20%,2.02%,112.03%,-2.01%,0.58%,-2.37%
3/22/2019,2.48,2.53,2.42,2.47,2.47,1495500,16.48,256.459991,-1.61%,0.00%,-2.37%,-44.88%,20.91%,-1.90%,-1.21%
3/25/2019,2.45,2.46,2.39,2.44,2.44,1846700,16.33,256.230011,-2.05%,-2.77%,-1.21%,23.48%,-0.91%,-0.09%,4.10%
3/26/2019,2.44,2.57,2.43,2.54,2.54,2586600,14.68,258.079987,1.26%,4.47%,4.10%,40.07%,-10.10%,0.72%,7.48%
3/27/2019,2.54,2.74,2.43,2.73,2.73,6453900,15.15,256.880005,-1.24%,6.61%,7.48%,149.51%,3.20%,-0.46%,2.56%
3/28/2019,2.84,2.92,2.77,2.8,2.8,6296000,14.43,257.880005,1.67%,6.57%,2.56%,-2.45%,-4.75%,0.39%,-3.93%
3/29/2019,2.77,2.78,2.64,2.69,2.69,2821800,13.71,259.540009,0.00%,-4.79%,-3.93%,-55.18%,-4.99%,0.64%,-2.97%
4/1/2019,2.69,2.69,2.55,2.61,2.61,1490900,13.4,262.529999,13.99%,-3.24%,-2.97%,-47.16%,-2.26%,1.15%,-1.92%
4/2/2019,2.6,2.62,2.51,2.56,2.56,3627800,13.36,262.619995,-4.69%,-2.60%,-1.92%,143.33%,-0.30%,0.03%,2.73%
4/3/2019,2.56,2.63,2.52,2.63,2.63,1814700,13.74,263.109985,-3.41%,0.38%,2.73%,-49.98%,2.84%,0.19%,3.80%
4/4/2019,2.63,2.75,2.62,2.73,2.73,4155300,13.58,263.73999,-1.57%,4.56%,3.80%,128.98%,-1.16%,0.24%,-2.20%
4/5/2019,2.73,2.74,2.66,2.67,2.67,1171500,12.82,265.01001,0.40%,-0.36%,-2.20%,-71.81%,-5.60%,0.48%,-2.25%
4/8/2019,2.67,2.67,2.59,2.61,2.61,755700,13.18,265.23999,3.97%,-2.55%,-2.25%,-35.49%,2.81%,0.09%,-0.38%
4/9/2019,2.61,2.61,2.57,2.6,2.6,529400,14.28,263.829987,1.53%,-2.25%,-0.38%,-29.95%,8.35%,-0.53%,0.38%
4/10/2019,2.61,2.61,2.58,2.61,2.61,436900,13.3,264.73999,-2.63%,0.00%,0.38%,-17.47%,-6.86%,0.34%,-1.53%
4/11/2019,2.61,2.62,2.55,2.57,2.57,634800,13.02,264.690002,-0.77%,0.38%,-1.53%,45.30%,-2.11%,-0.02%,0.00%
4/12/2019,2.57,2.58,2.55,2.57,2.57,898300,12.01,266.480011,0.39%,-1.53%,0.00%,41.51%,-7.76%,0.68%,-2.33%
4/15/2019,2.57,2.57,2.51,2.51,2.51,1310100,12.32,266.299988,-1.16%,-0.39%,-2.33%,45.84%,2.58%,-0.07%,0.00%
4/16/2019,2.52,2.54,2.47,2.51,2.51,870100,12.18,266.48999,0.00%,-1.17%,0.00%,-33.59%,-1.14%,0.07%,3.98%
4/17/2019,2.52,2.68,2.5,2.61,2.61,8261100,12.6,265.839996,-1.57%,5.51%,3.98%,849.44%,3.45%,-0.24%,-1.53%
4/18/2019,2.64,2.65,2.56,2.57,2.57,2171400,12.09,266.339996,-1.59%,-1.12%,-1.53%,-73.72%,-4.05%,0.19%,-5.45%
4/22/2019,2.55,2.58,2.39,2.43,2.43,3496200,12.42,266.600006,1.21%,-2.64%,-5.45%,61.01%,2.73%,0.10%,-2.06%
4/23/2019,2.43,2.43,2.3,2.38,2.38,2835500,12.28,268.899994,2.40%,-5.81%,-2.06%,-18.90%,-1.13%,0.86%,-2.10%
4/24/2019,2.4,2.47,2.32,2.33,2.33,1979400,13.14,268.369995,-6.64%,1.65%,-2.10%,-30.19%,7.00%,-0.20%,-2.15%
4/25/2019,2.3,2.32,2.26,2.28,2.28,1464800,13.25,268.269989,-3.77%,-6.07%,-2.15%,-26.00%,0.84%,-0.04%,2.19%
4/26/2019,2.28,2.37,2.27,2.33,2.33,1163800,12.73,269.5,0.87%,2.16%,2.19%,-20.55%,-3.92%,0.46%,1.72%
4/29/2019,2.33,2.38,2.3,2.37,2.37,600600,13.11,269.839996,-2.59%,0.42%,1.72%,-48.39%,2.99%,0.13%,1.27%
4/30/2019,2.39,2.42,2.37,2.4,2.4,472700,13.12,270.01001,0.44%,1.68%,1.27%,-21.30%,0.08%,0.06%,-0.83%
5/1/2019,2.4,2.44,2.34,2.38,2.38,788500,14.8,268.040009,1.32%,0.83%,-0.83%,66.81%,12.80%,-0.73%,-0.42%
5/2/2019,2.38,2.38,2.33,2.37,2.37,521300,14.42,267.51001,3.04%,-2.46%,-0.42%,-33.89%,-2.57%,-0.20%,0.00%
5/3/2019,2.36,2.39,2.35,2.37,2.37,462300,12.87,270.049988,-1.27%,0.42%,0.00%,-11.32%,-10.75%,0.95%,-1.69%
5/6/2019,2.32,2.39,2.28,2.33,2.33,786300,15.44,268.980011,-0.43%,0.00%,-1.69%,70.08%,19.97%,-0.40%,-1.29%
5/7/2019,2.31,2.33,2.28,2.3,2.3,698700,19.32,264.619995,0.86%,-2.51%,-1.29%,-11.14%,25.13%,-1.62%,4.78%
5/8/2019,2.29,2.44,2.28,2.41,2.41,1680700,19.4,264.100006,-2.98%,4.72%,4.78%,140.55%,0.41%,-0.20%,5.81%
5/9/2019,2.41,2.56,2.38,2.55,2.55,3395200,19.1,263.290009,0.00%,4.92%,5.81%,102.01%,-1.55%,-0.31%,0.00%
5/10/2019,2.59,2.59,2.36,2.55,2.55,2744200,16.040001,264.519989,0.00%,1.17%,0.00%,-19.17%,-16.02%,0.47%,-3.53%
5/13/2019,2.53,2.54,2.41,2.46,2.46,1614200,20.549999,258.029999,4.39%,-1.93%,-3.53%,-41.18%,28.12%,-2.45%,1.22%
5/14/2019,2.46,2.5,2.42,2.49,2.49,993200,18.059999,260.269989,-0.84%,-1.57%,1.22%,-38.47%,-12.12%,0.87%,3.21%
5/15/2019,2.49,2.64,2.48,2.57,2.57,3689200,16.440001,261.809998,2.12%,5.60%,3.21%,271.45%,-8.97%,0.59%,1.17%
5/16/2019,2.55,2.67,2.52,2.6,2.6,3363900,15.29,264.209991,0.41%,1.14%,1.17%,-8.82%,-7.00%,0.92%,2.69%
5/17/2019,2.61,2.75,2.6,2.67,2.67,3625000,15.96,262.609985,2.48%,3.00%,2.69%,7.76%,4.38%,-0.61%,8.61%
5/20/2019,2.68,2.9,2.67,2.9,2.9,5094200,16.309999,260.820007,1.61%,5.45%,8.61%,40.53%,2.19%,-0.68%,2.76%
5/21/2019,2.91,3.04,2.91,2.98,2.98,9906000,14.95,263.029999,3.17%,4.83%,2.76%,94.46%,-8.34%,0.85%,-5.03%
5/22/2019,2.95,2.95,2.74,2.83,2.83,3951100,14.75,262.309998,2.69%,-2.96%,-5.03%,-60.11%,-1.34%,-0.27%,3.18%
5/23/2019,2.76,2.95,2.76,2.92,2.92,2731200,16.92,259.23999,8.99%,0.00%,3.18%,-30.87%,14.71%,-1.17%,2.74%
5/24/2019,2.92,3.03,2.88,3,3,4455100,15.85,259.690002,-5.84%,2.71%,2.74%,63.12%,-6.32%,0.17%,-3.67%
5/28/2019,2.96,3.09,2.89,2.89,2.89,4716500,17.5,257.359985,0.73%,1.98%,-3.67%,5.87%,10.41%,-0.90%,-2.42%
5/29/2019,2.89,2.91,2.72,2.82,2.82,2476300,17.9,255.589996,4.35%,-5.83%,-2.42%,-47.50%,2.29%,-0.69%,0.00%
5/30/2019,2.83,2.88,2.79,2.82,2.82,1564900,17.299999,256.299988,0.35%,-1.03%,0.00%,-36.80%,-3.35%,0.28%,3.90%
5/31/2019,2.83,2.93,2.78,2.93,2.93,2609100,18.709999,252.869995,-5.88%,1.74%,3.90%,66.73%,8.15%,-1.34%,0.00%
6/3/2019,2.98,3.09,2.92,2.93,2.93,3681500,18.860001,252.119995,2.57%,5.46%,0.00%,41.10%,0.80%,-0.30%,2.39%
6/4/2019,2.93,3.01,2.91,3,3,1586900,16.969999,257.670013,-0.36%,-2.59%,2.39%,-56.90%,-10.02%,2.20%,1.67%
6/5/2019,3.02,3.08,2.99,3.05,3.05,2559500,16.09,259.850006,5.04%,2.33%,1.67%,61.29%,-5.19%,0.85%,0.66%
6/6/2019,3.07,3.1,3.02,3.07,3.07,1859800,15.93,261.540009,-0.34%,0.65%,0.66%,-27.34%,-0.99%,0.65%,0.33%
6/7/2019,3.08,3.09,3.06,3.08,3.08,1191900,16.299999,264.149994,2.75%,-0.32%,0.33%,-35.91%,2.32%,1.00%,-9.74%
6/10/2019,2.97,2.98,2.54,2.78,2.78,6359700,15.94,265.390015,1.00%,-3.56%,-9.74%,433.58%,-2.21%,0.47%,2.52%
6/11/2019,2.75,2.87,2.68,2.85,2.85,1913700,15.99,265.339996,1.32%,-3.69%,2.52%,-69.91%,0.31%,-0.02%,1.40%
6/12/2019,2.8,2.92,2.79,2.89,2.89,1233300,15.91,264.839996,-16.99%,1.74%,1.40%,-35.55%,-0.50%,-0.19%,0.35%
6/13/2019,2.91,2.95,2.81,2.9,2.9,1347800,15.82,266.019989,5.51%,1.03%,0.35%,9.28%,-0.57%,0.45%,-0.69%
6/14/2019,2.92,2.95,2.84,2.88,2.88,1548600,15.28,265.619995,4.10%,0.00%,-0.69%,14.90%,-3.41%,-0.15%,-2.08%
6/17/2019,2.87,2.88,2.8,2.82,2.82,1689100,15.35,265.859985,0.72%,-2.37%,-2.08%,9.07%,0.46%,0.09%,0.35%
6/18/2019,2.82,2.86,2.82,2.83,2.83,1092600,15.15,268.51001,1.07%,-0.69%,0.35%,-35.31%,-1.30%,1.00%,-0.71%
6/19/2019,2.83,2.86,2.8,2.81,2.81,2017500,14.33,269.220001,-1.41%,0.00%,-0.71%,84.65%,-5.41%,0.26%,-3.91%
6/20/2019,2.81,2.82,2.69,2.7,2.7,2250200,14.75,271.730011,0.71%,-1.40%,-3.91%,11.53%,2.93%,0.93%,-0.74%
6/21/2019,2.7,2.73,2.68,2.68,2.68,1248400,15.4,271.410004,-0.71%,-3.19%,-0.74%,-44.52%,4.41%,-0.12%,-1.49%
6/24/2019,2.69,2.7,2.63,2.64,2.64,986900,15.26,271.059998,-3.93%,-1.10%,-1.49%,-20.95%,-0.91%,-0.13%,0.76%
6/25/2019,2.65,2.73,2.64,2.66,2.66,1830000,16.280001,268.380005,-0.37%,1.11%,0.76%,85.43%,6.68%,-0.99%,-0.38%
6/26/2019,2.66,2.66,2.63,2.65,2.65,966500,16.209999,268.119995,-1.87%,-2.56%,-0.38%,-47.19%,-0.43%,-0.10%,-1.89%
6/27/2019,2.64,2.65,2.58,2.6,2.6,1806900,15.82,267.670013,0.38%,-0.38%,-1.89%,86.95%,-2.41%,-0.17%,0.00%
6/28/2019,2.59,2.61,2.55,2.6,2.6,814500,15.08,269.149994,-0.38%,-1.51%,0.00%,-54.92%,-4.68%,0.55%,3.85%
7/1/2019,2.59,2.73,2.57,2.7,2.7,1840300,14.06,271.440002,-1.90%,4.60%,3.85%,125.94%,-6.76%,0.85%,1.11%
7/2/2019,2.72,2.75,2.64,2.73,2.73,1885500,12.93,272.230011,-1.16%,0.73%,1.11%,2.46%,-8.04%,0.29%,-0.73%
7/3/2019,2.74,2.76,2.68,2.71,2.71,764000,12.57,274.320007,0.78%,0.36%,-0.73%,-59.48%,-2.78%,0.77%,-0.74%
7/5/2019,2.69,2.69,2.65,2.69,2.69,588800,13.28,273.970001,2.72%,-2.54%,-0.74%,-22.93%,5.65%,-0.13%,-0.37%
7/8/2019,2.68,2.71,2.62,2.68,2.68,642700,13.96,272.600006,1.52%,0.74%,-0.37%,9.15%,5.12%,-0.50%,-0.75%
7/9/2019,2.67,2.69,2.65,2.66,2.66,368100,14.09,272.940002,-1.12%,-0.74%,-0.75%,-42.73%,0.93%,0.12%,1.50%
7/10/2019,2.67,2.7,2.64,2.7,2.7,906700,13.03,274.209991,-1.13%,0.37%,1.50%,146.32%,-7.52%,0.47%,0.00%
7/11/2019,2.7,2.7,2.65,2.7,2.7,368800,12.93,274.76001,1.15%,0.00%,0.00%,-59.33%,-0.77%,0.20%,-2.96%
7/12/2019,2.67,2.68,2.43,2.62,2.62,4178200,12.39,276.109985,-0.38%,-0.74%,-2.96%,1032.92%,-4.18%,0.49%,-2.29%
7/15/2019,2.55,2.65,2.53,2.56,2.56,988900,12.68,276.179993,0.38%,-1.12%,-2.29%,-76.33%,2.34%,0.03%,0.00%
7/16/2019,2.55,2.6,2.43,2.56,2.56,4031500,12.86,275.279999,-8.30%,-1.89%,0.00%,307.68%,1.42%,-0.33%,-0.39%
7/17/2019,2.51,2.56,2.49,2.55,2.55,981200,13.97,273.420013,4.12%,-1.54%,-0.39%,-75.66%,8.63%,-0.68%,-5.88%
7/18/2019,2.38,2.47,2.35,2.4,2.4,2659400,13.53,274.420013,-3.95%,-3.52%,-5.88%,171.04%,-3.15%,0.37%,0.42%
7/19/2019,2.37,2.43,2.29,2.41,2.41,3338200,14.45,272.950012,2.47%,-1.62%,0.42%,25.52%,6.80%,-0.54%,1.24%
7/22/2019,2.4,2.46,2.36,2.44,2.44,984300,13.53,273.609985,-5.62%,1.23%,1.24%,-70.51%,-6.37%,0.24%,1.23%
7/23/2019,2.42,2.49,2.4,2.47,2.47,1227400,12.61,275.48999,-2.55%,1.22%,1.23%,24.70%,-6.80%,0.69%,-1.21%
7/24/2019,2.47,2.49,2.43,2.44,2.44,685300,12.07,276.76001,3.06%,0.00%,-1.21%,-44.17%,-4.28%,0.46%,-0.41%
7/25/2019,2.44,2.44,2.39,2.43,2.43,582500,12.74,275.410004,1.69%,-2.01%,-0.41%,-15.00%,5.55%,-0.49%,-1.23%
7/26/2019,2.42,2.43,2.38,2.4,2.4,734500,12.16,277.380005,1.25%,-0.41%,-1.23%,26.09%,-4.55%,0.72%,-0.42%
7/29/2019,2.38,2.42,2.38,2.39,2.39,930000,12.83,276.880005,-1.65%,-0.41%,-0.42%,26.62%,5.51%,-0.18%,-3.77%
7/30/2019,2.4,2.4,2.29,2.3,2.3,2008300,13.94,276.209991,-0.42%,-0.83%,-3.77%,115.95%,8.65%,-0.24%,-2.17%
7/31/2019,2.23,2.29,1.98,2.25,2.25,8165200,16.120001,273.079987,0.00%,-4.58%,-2.17%,306.57%,15.64%,-1.13%,-3.56%
8/1/2019,2.26,2.26,2.11,2.17,2.17,2146300,17.870001,270.790009,-3.78%,-1.31%,-3.56%,-73.71%,10.86%,-0.84%,-2.30%
8/2/2019,2.15,2.16,2.09,2.12,2.12,1157800,17.610001,268.809998,-13.54%,-4.42%,-2.30%,-46.06%,-1.45%,-0.73%,-3.30%
8/5/2019,2.03,2.09,1.99,2.05,2.05,1616800,24.59,260.880005,6.57%,-3.24%,-3.30%,39.64%,39.64%,-2.95%,12.20%
8/6/2019,2.03,2.31,2.03,2.3,2.3,2928900,20.17,264.23999,-0.95%,10.53%,12.20%,81.15%,-17.97%,1.29%,-0.87%
8/7/2019,2.29,2.31,2.2,2.28,2.28,531400,19.49,264.420013,-4.78%,0.00%,-0.87%,-81.86%,-3.37%,0.07%,-1.75%
8/8/2019,2.22,2.33,2.2,2.24,2.24,565800,16.91,269.579987,2.01%,0.87%,-1.75%,6.47%,-13.24%,1.95%,0.45%
8/9/2019,2.27,2.29,2.2,2.25,2.25,576700,17.969999,267.700012,8.37%,-1.72%,0.45%,1.93%,6.27%,-0.70%,-1.33%
8/12/2019,2.25,2.26,2.2,2.22,2.22,475000,21.09,264.559998,0.00%,-1.31%,-1.33%,-17.63%,17.36%,-1.17%,2.25%
8/13/2019,2.21,2.34,2.21,2.27,2.27,1387300,17.52,268.660004,0.00%,3.54%,2.25%,192.06%,-16.93%,1.55%,-3.96%
8/14/2019,2.25,2.27,2.15,2.18,2.18,1796500,22.1,260.570007,0.00%,-2.99%,-3.96%,29.50%,26.14%,-3.01%,1.38%
8/15/2019,2.19,2.24,2.17,2.21,2.21,646500,21.18,261.390015,0.45%,-1.32%,1.38%,-64.01%,-4.16%,0.31%,0.00%
8/16/2019,2.21,2.25,2.19,2.21,2.21,505200,18.469999,265.220001,-2.71%,0.45%,0.00%,-21.86%,-12.80%,1.47%,0.45%
8/19/2019,2.22,2.25,2.2,2.22,2.22,476700,16.879999,268.480011,0.93%,0.00%,0.45%,-5.64%,-8.61%,1.23%,-0.45%
8/20/2019,2.23,2.25,2.2,2.21,2.21,638300,17.5,266.399994,0.92%,0.00%,-0.45%,33.90%,3.67%,-0.77%,7.69%
8/21/2019,2.22,2.38,2.15,2.38,2.38,1869400,15.8,268.559998,0.46%,5.78%,7.69%,192.87%,-9.71%,0.81%,12.61%
8/22/2019,2.45,2.69,2.45,2.68,2.68,6458000,16.68,268.459991,0.00%,13.03%,12.61%,245.46%,5.57%,-0.04%,0.75%
8/23/2019,2.71,2.83,2.64,2.7,2.7,3573300,19.870001,261.570007,-2.27%,5.20%,0.75%,-44.67%,19.12%,-2.57%,-1.48%
8/26/2019,2.72,2.75,2.6,2.66,2.66,1360400,19.32,264.470001,13.95%,-2.83%,-1.48%,-61.93%,-2.77%,1.11%,-1.88%
8/27/2019,2.66,2.69,2.53,2.61,2.61,2065600,20.309999,263.429993,7.76%,-2.18%,-1.88%,51.84%,5.12%,-0.39%,0.77%
8/28/2019,2.59,2.66,2.57,2.63,2.63,1285600,19.35,265.26001,-1.52%,-1.12%,0.77%,-37.76%,-4.73%,0.69%,0.76%
8/29/2019,2.63,2.69,2.62,2.65,2.65,1274700,17.879999,268.709991,-2.69%,1.13%,0.76%,-0.85%,-7.60%,1.30%,1.89%
8/30/2019,2.68,2.72,2.66,2.7,2.7,1720800,18.98,268.600006,1.58%,1.12%,1.89%,35.00%,6.15%,-0.04%,1.85%
9/3/2019,2.68,2.75,2.68,2.75,2.75,1139400,19.66,267.109985,1.95%,1.10%,1.85%,-33.79%,3.58%,-0.55%,2.18%
9/4/2019,2.78,2.85,2.73,2.81,2.81,2108200,17.33,269.970001,1.53%,3.64%,2.18%,85.03%,-11.85%,1.07%,-0.36%
9/5/2019,2.86,2.93,2.73,2.8,2.8,5001400,16.27,273.540009,0.75%,2.81%,-0.36%,137.24%,-6.12%,1.32%,-8.21%
9/6/2019,2.67,2.68,2.39,2.57,2.57,7558300,15,273.73999,1.87%,-8.53%,-8.21%,51.12%,-7.81%,0.07%,42.80%
9/9/2019,3.25,3.74,3,3.67,3.67,32544900,15.27,273.809998,0.00%,39.55%,42.80%,330.58%,1.80%,0.03%,-12.53%
9/10/2019,3.72,3.82,3,3.21,3.21,14351600,15.2,273.869995,-12.45%,2.14%,-12.53%,-55.90%,-0.46%,0.02%,2.18%
9/11/2019,3.13,3.44,2.95,3.28,3.28,9560600,14.61,275.839996,25.52%,-9.95%,2.18%,-33.38%,-3.88%,0.72%,2.13%
9/12/2019,3.38,3.53,3.31,3.35,3.35,4789600,14.22,276.649994,0.00%,2.62%,2.13%,-49.90%,-2.67%,0.29%,7.46%
9/13/2019,3.41,3.6,3.39,3.6,3.6,10584200,13.74,276.579987,-1.67%,1.98%,7.46%,120.98%,-3.38%,-0.03%,5.56%
9/16/2019,3.58,3.81,3.45,3.8,3.8,8846000,14.67,275.670013,12.20%,5.83%,5.56%,-16.42%,6.77%,-0.33%,-2.63%
9/17/2019,3.76,4.04,3.7,3.7,3.7,12567800,14.44,276.420013,2.42%,6.04%,-2.63%,42.07%,-1.57%,0.27%,2.70%
9/18/2019,3.69,3.89,3.67,3.8,3.8,3830200,13.95,276.589996,1.77%,-3.71%,2.70%,-69.52%,-3.39%,0.06%,-3.95%
9/19/2019,3.81,3.86,3.52,3.65,3.65,4949900,14.05,276.529999,7.25%,-0.77%,-3.95%,29.23%,0.72%,-0.02%,0.82%
9/20/2019,3.66,3.78,3.63,3.68,3.68,2066900,15.32,275.049988,-0.81%,-2.07%,0.82%,-58.24%,9.04%,-0.54%,2.45%
9/23/2019,3.73,3.78,3.61,3.77,3.77,2861300,14.91,275.23999,-4.09%,0.00%,2.45%,38.43%,-2.68%,0.07%,-3.45%
9/24/2019,3.78,3.8,3.64,3.64,3.64,2498100,17.049999,272.959991,3.13%,0.53%,-3.45%,-12.69%,14.35%,-0.83%,-2.20%
9/25/2019,3.63,3.66,3.54,3.56,3.56,2174300,15.96,274.630005,-0.55%,-3.68%,-2.20%,-12.96%,-6.39%,0.61%,-4.78%
9/26/2019,3.57,3.63,3.35,3.39,3.39,6480200,16.07,272.790009,0.83%,-0.82%,-4.78%,198.04%,0.69%,-0.67%,2.65%
9/27/2019,3.39,3.57,3.36,3.48,3.48,2284300,17.219999,271.26001,-2.75%,-1.65%,2.65%,-64.75%,7.16%,-0.56%,3.16%
9/30/2019,3.52,3.7,3.49,3.59,3.59,5515900,16.24,272.600006,-5.37%,3.64%,3.16%,141.47%,-5.69%,0.49%,-5.29%
10/1/2019,3.59,3.59,3.3,3.4,3.4,3810100,18.559999,269.320007,0.30%,-2.97%,-5.29%,-30.93%,14.29%,-1.20%,-5.88%
10/2/2019,3.36,3.36,3.15,3.2,3.2,3980600,20.559999,264.570007,3.87%,-6.41%,-5.88%,4.47%,10.78%,-1.76%,0.63%
10/3/2019,3.2,3.32,3.2,3.22,3.22,3511700,19.120001,266.670013,-5.44%,-1.19%,0.63%,-11.78%,-7.00%,0.79%,4.35%
10/4/2019,3.25,3.38,3.16,3.36,3.36,3008800,17.040001,270.369995,-4.55%,1.81%,4.35%,-14.32%,-10.88%,1.39%,2.98%
10/7/2019,3.38,3.54,3.25,3.46,3.46,3107100,17.860001,269.209991,1.59%,4.73%,2.98%,3.27%,4.81%,-0.43%,-0.29%
10/8/2019,3.51,3.52,3.44,3.45,3.45,1778900,20.280001,265.029999,-1.25%,-0.56%,-0.29%,-42.75%,13.55%,-1.55%,0.87%
10/9/2019,3.48,3.52,3.46,3.48,3.48,1131100,18.639999,267.5,2.85%,0.00%,0.87%,-36.42%,-8.09%,0.93%,-1.44%
10/10/2019,3.49,3.5,3.41,3.43,3.43,1221600,17.57,269.320007,5.85%,-0.57%,-1.44%,8.00%,-5.74%,0.68%,-1.75%
10/11/2019,3.43,3.47,3.31,3.37,3.37,1830900,15.58,272.130005,0.58%,-0.86%,-1.75%,49.88%,-11.33%,1.04%,-1.19%
10/14/2019,3.38,3.38,3.29,3.33,3.33,946000,14.57,271.880005,-1.45%,-2.59%,-1.19%,-48.33%,-6.48%,-0.09%,0.00%
10/15/2019,3.33,3.37,3.27,3.33,3.33,1629200,13.54,274.51001,-2.93%,-0.30%,0.00%,72.22%,-7.07%,0.97%,-0.90%
10/16/2019,3.38,3.38,3.29,3.3,3.3,803200,13.68,274.079987,-0.60%,0.30%,-0.90%,-50.70%,1.03%,-0.16%,0.30%
10/17/2019,3.31,3.34,3.25,3.31,3.31,1381700,13.79,274.820007,-0.61%,-1.18%,0.30%,72.02%,0.80%,0.27%,0.60%
10/18/2019,3.3,3.34,3.28,3.33,3.33,668800,14.25,273.690002,0.61%,0.00%,0.60%,-51.60%,3.34%,-0.41%,-1.80%
10/21/2019,3.33,3.33,3.27,3.27,3.27,532700,14,275.600006,-1.22%,-0.30%,-1.80%,-20.35%,-1.75%,0.70%,-6.42%
10/22/2019,3.29,3.29,3.05,3.06,3.06,3832700,14.46,274.630005,0.92%,-1.20%,-6.42%,619.49%,3.29%,-0.35%,-7.84%
10/23/2019,2.94,2.97,2.67,2.82,2.82,6820900,14.01,275.440002,-0.30%,-9.73%,-7.84%,77.97%,-3.11%,0.29%,4.96%
10/24/2019,2.85,3.03,2.82,2.96,2.96,2133700,13.71,275.890015,-6.73%,2.02%,4.96%,-68.72%,-2.14%,0.16%,-4.73%
10/25/2019,2.96,3.02,2.8,2.82,2.82,1090700,12.65,277.040009,-12.46%,-0.33%,-4.73%,-48.88%,-7.73%,0.42%,-0.71%
10/28/2019,2.85,2.91,2.77,2.8,2.8,1774200,13.11,278.649994,5.62%,-3.64%,-0.71%,62.67%,3.64%,0.58%,4.64%
10/29/2019,2.77,2.96,2.72,2.93,2.93,2742800,13.2,278.470001,-0.71%,1.72%,4.64%,54.59%,0.69%,-0.06%,1.02%
10/30/2019,2.97,3.09,2.94,2.96,2.96,2389100,12.33,279.450012,-1.07%,4.39%,1.02%,-12.90%,-6.59%,0.35%,-2.70%
10/31/2019,3.02,3.03,2.86,2.88,2.88,1314100,13.22,278.549988,-1.81%,-1.94%,-2.70%,-45.00%,7.22%,-0.32%,1.04%
11/1/2019,2.89,2.94,2.84,2.91,2.91,816000,12.3,281.200012,8.09%,-2.97%,1.04%,-37.90%,-6.96%,0.95%,-1.03%
11/4/2019,2.9,2.98,2.85,2.88,2.88,876900,12.83,282.320007,-2.72%,1.36%,-1.03%,7.46%,4.31%,0.40%,0.00%
11/5/2019,2.88,2.9,2.78,2.88,2.88,1768100,13.1,281.959991,-0.70%,-2.68%,0.00%,101.63%,2.10%,-0.13%,0.35%
11/6/2019,2.88,2.94,2.83,2.89,2.89,824600,12.62,282.109985,0.35%,1.38%,0.35%,-53.36%,-3.66%,0.05%,-0.35%
11/7/2019,2.91,2.94,2.85,2.88,2.88,699300,12.73,283.109985,-2.46%,0.00%,-0.35%,-15.20%,0.87%,0.35%,0.35%
11/8/2019,2.89,2.92,2.87,2.89,2.89,445600,12.07,283.799988,1.80%,-0.68%,0.35%,-36.28%,-5.18%,0.24%,-0.35%
11/11/2019,2.88,2.9,2.86,2.88,2.88,390800,12.69,283.25,0.71%,-0.68%,-0.35%,-12.30%,5.14%,-0.19%,2.43%
11/12/2019,2.87,2.99,2.87,2.95,2.95,1519800,12.68,283.809998,0.70%,3.10%,2.43%,288.89%,-0.08%,0.20%,-1.69%
11/13/2019,2.95,3.01,2.81,2.9,2.9,1758900,13,283.929993,-0.35%,0.67%,-1.69%,15.73%,2.52%,0.04%,-1.72%
11/14/2019,2.88,2.9,2.81,2.85,2.85,1327500,13.05,284.309998,0.35%,-3.65%,-1.72%,-24.53%,0.38%,0.13%,0.70%
11/15/2019,2.82,2.88,2.8,2.87,2.87,712400,12.05,286.429993,-2.09%,-0.69%,0.70%,-46.34%,-7.66%,0.75%,-2.09%
11/18/2019,2.86,2.92,2.77,2.81,2.81,1023800,12.46,286.609985,0.00%,1.39%,-2.09%,43.71%,3.40%,0.06%,-10.68%
11/19/2019,2.82,2.86,2.5,2.51,2.51,2707000,12.86,286.470001,-0.36%,-2.05%,-10.68%,164.41%,3.21%,-0.05%,7.57%
11/20/2019,2.46,2.72,2.35,2.7,2.7,3138100,12.78,285.459991,-1.07%,-4.90%,7.57%,15.93%,-0.62%,-0.35%,3.70%
11/21/2019,2.72,2.81,2.7,2.8,2.8,1862900,13.13,285.019989,-9.75%,3.31%,3.70%,-40.64%,2.74%,-0.15%,-1.43%
11/22/2019,2.79,2.82,2.7,2.76,2.76,1512200,12.34,285.649994,-6.00%,0.36%,-1.43%,-18.83%,-6.02%,0.22%,-3.99%
11/25/2019,2.77,2.79,2.62,2.65,2.65,1253200,11.87,287.820007,14.89%,-1.06%,-3.99%,-17.13%,-3.81%,0.76%,-3.02%
11/26/2019,2.64,2.65,2.56,2.57,2.57,1836200,11.54,288.399994,0.00%,-5.02%,-3.02%,46.52%,-2.78%,0.20%,-1.17%
11/27/2019,2.57,2.57,2.53,2.54,2.54,1097600,11.75,289.76001,-2.96%,-3.02%,-1.17%,-40.22%,1.82%,0.47%,0.00%
11/29/2019,2.55,2.57,2.51,2.54,2.54,240800,12.62,288.649994,-2.29%,0.00%,0.00%,-78.06%,7.40%,-0.38%,-5.51%
12/2/2019,2.55,2.56,2.4,2.4,2.4,2450800,14.91,286.299988,-1.17%,-0.39%,-5.51%,917.77%,18.15%,-0.81%,1.67%
12/3/2019,2.38,2.51,2.36,2.44,2.44,1253900,15.96,284.290009,-0.79%,-1.95%,1.67%,-48.84%,7.04%,-0.70%,2.46%
12/4/2019,2.46,2.52,2.45,2.5,2.5,1321100,14.8,286.109985,-4.38%,0.40%,2.46%,5.36%,-7.27%,0.64%,0.80%
12/5/2019,2.48,2.6,2.46,2.52,2.52,1285500,14.52,286.640015,-1.67%,3.17%,0.80%,-2.69%,-1.89%,0.19%,5.56%
12/6/2019,2.56,2.74,2.56,2.66,2.66,2528200,13.62,289.190002,3.81%,5.38%,5.56%,96.67%,-6.20%,0.89%,3.76%
12/9/2019,2.73,2.8,2.72,2.76,2.76,2125500,15.86,288.309998,0.41%,2.19%,3.76%,-15.93%,16.45%,-0.30%,2.54%
12/10/2019,2.76,2.84,2.74,2.83,2.83,2439700,15.68,288.040009,4.07%,1.43%,2.54%,14.78%,-1.13%,-0.09%,2.47%
12/11/2019,2.85,2.9,2.78,2.9,2.9,2643700,14.99,288.790009,6.25%,2.11%,2.47%,8.36%,-4.40%,0.26%,2.76%
12/12/2019,2.89,2.99,2.87,2.98,2.98,3320600,13.94,291.329987,0.74%,3.10%,2.76%,25.60%,-7.00%,0.88%,5.70%
12/13/2019,2.97,3.2,2.94,3.15,3.15,4045700,12.63,291.440002,1.46%,7.02%,5.70%,21.84%,-9.40%,0.04%,-2.86%
12/16/2019,3.16,3.19,2.97,3.06,3.06,3357100,12.14,293.5,3.24%,-0.31%,-2.86%,-17.02%,-3.88%,0.71%,-5.23%
12/17/2019,3.01,3.02,2.9,2.9,2.9,1215900,12.29,293.559998,2.44%,-5.33%,-5.23%,-63.78%,1.24%,0.02%,3.79%
12/18/2019,2.9,3.04,2.88,3.01,3.01,1658300,12.58,293.579987,1.02%,0.66%,3.79%,36.38%,2.36%,0.01%,3.32%
12/19/2019,3,3.14,2.99,3.11,3.11,2650400,12.5,294.799988,-2.36%,3.29%,3.32%,59.83%,-0.64%,0.42%,0.00%
12/20/2019,3.13,3.22,3.08,3.11,3.11,2269700,12.51,296.299988,-0.69%,2.55%,0.00%,-14.36%,0.08%,0.51%,-2.57%
12/23/2019,3.13,3.17,3.02,3.03,3.03,1763000,12.61,295.160004,3.82%,-1.55%,-2.57%,-22.32%,0.80%,-0.38%,-0.99%
12/24/2019,3.03,3.04,2.99,3,3,430100,12.67,295.160004,3.01%,-4.10%,-0.99%,-75.60%,0.48%,0.00%,0.33%
12/26/2019,3.01,3.07,2.99,3.01,3.01,573200,12.65,296.670013,-1.95%,0.99%,0.33%,33.27%,-0.16%,0.51%,-1.00%
12/27/2019,3.02,3.02,2.94,2.98,2.98,948600,13.43,296.670013,-0.99%,-1.63%,-1.00%,65.49%,6.17%,0.00%,-3.02%
12/30/2019,2.96,2.98,2.88,2.89,2.89,1187700,14.82,295.040009,0.00%,-1.32%,-3.02%,25.21%,10.35%,-0.55%,3.81%
12/31/2019,2.89,3.06,2.89,3,3,1471800,13.78,295.799988,-1.67%,2.68%,3.81%,23.92%,-7.02%,0.26%,4.00%
1/2/2020,3.02,3.17,3,3.12,3.12,1674800,12.47,298.420013,-2.04%,3.59%,4.00%,13.79%,-9.51%,0.89%,-1.92%
1/3/2020,3.05,3.15,3.03,3.06,3.06,712500,14.02,296.23999,0.35%,-0.63%,-1.92%,-57.46%,12.43%,-0.73%,0.65%
1/6/2020,3.05,3.08,2.99,3.08,3.08,1016300,13.85,297.350006,3.81%,-2.22%,0.65%,42.64%,-1.21%,0.37%,2.60%
1/7/2020,3.13,3.27,3.11,3.16,3.16,3547000,13.79,296.529999,1.00%,6.17%,2.60%,249.01%,-0.43%,-0.28%,-0.95%
1/8/2020,3.14,3.16,3.07,3.13,3.13,1353600,13.45,298.059998,-1.32%,-3.36%,-0.95%,-61.84%,-2.47%,0.52%,0.96%
1/9/2020,3.12,3.2,3.12,3.16,3.16,886600,12.54,300.119995,4.01%,1.27%,0.96%,-34.50%,-6.77%,0.69%,-2.22%
1/10/2020,3.16,3.19,3.07,3.09,3.09,1032700,12.56,299.26001,-1.29%,-0.31%,-2.22%,16.48%,0.16%,-0.29%,-1.29%
1/13/2020,3.09,3.18,3.03,3.05,3.05,944100,12.32,301.23999,1.63%,-0.31%,-1.29%,-8.58%,-1.91%,0.66%,-0.98%
1/14/2020,3.03,3.09,2.99,3.02,3.02,1125700,12.39,300.839996,-1.60%,-2.83%,-0.98%,19.24%,0.57%,-0.13%,-0.66%
1/15/2020,3.02,3.02,2.98,3,3,677000,12.42,301.51001,-1.30%,-2.27%,-0.66%,-39.86%,0.24%,0.22%,-0.33%
1/16/2020,3.01,3.07,2.94,2.99,2.99,913400,12.32,304.029999,-1.32%,1.66%,-0.33%,34.92%,-0.81%,0.84%,2.34%
1/17/2020,3.01,3.06,2.93,3.06,3.06,1503300,12.1,305.059998,-0.33%,-0.33%,2.34%,64.58%,-1.79%,0.34%,0.00%
1/21/2020,3.04,3.06,3.02,3.06,3.06,650300,12.85,304.429993,-1.34%,0.00%,0.00%,-56.74%,6.20%,-0.21%,1.63%
1/22/2020,3.05,3.11,3.04,3.11,3.11,831400,12.91,304.51001,-0.34%,1.63%,1.63%,27.85%,0.47%,0.03%,0.32%
1/23/2020,3.1,3.17,3.08,3.12,3.12,932000,12.98,304.809998,3.07%,1.93%,0.32%,12.10%,0.54%,0.10%,0.32%
1/24/2020,3.12,3.16,3.07,3.13,3.13,1067800,14.56,302.029999,0.66%,-0.32%,0.32%,14.57%,12.17%,-0.91%,-2.24%
1/27/2020,3.08,3.09,3.01,3.06,3.06,807400,18.23,297.230011,1.32%,-2.22%,-2.24%,-24.39%,25.21%,-1.59%,0.33%
1/28/2020,3.07,3.09,3.05,3.07,3.07,784600,16.280001,300.450012,-0.32%,0.00%,0.33%,-2.82%,-10.70%,1.08%,-0.65%
1/29/2020,3.07,3.07,2.98,3.05,3.05,2000600,16.389999,300.149994,-1.95%,-0.65%,-0.65%,154.98%,0.68%,-0.10%,0.00%
1/30/2020,3.02,3.08,2.99,3.05,3.05,647000,15.49,301.089996,1.33%,0.33%,0.00%,-67.66%,-5.49%,0.31%,0.33%
1/31/2020,3.08,3.08,3.02,3.06,3.06,712600,18.84,295.690002,-2.30%,0.00%,0.33%,10.14%,21.63%,-1.79%,-2.29%
2/3/2020,3.05,3.05,2.98,2.99,2.99,1049600,17.969999,297.839996,0.34%,-0.97%,-2.29%,47.29%,-4.62%,0.73%,0.33%
2/4/2020,3.05,3.12,3,3,3,3178400,16.049999,302.429993,1.00%,2.30%,0.33%,202.82%,-10.68%,1.54%,3.00%
2/5/2020,3,3.11,2.98,3.09,3.09,2708500,15.15,305.850006,-1.32%,-0.32%,3.00%,-14.78%,-5.61%,1.13%,3.24%
2/6/2020,3.11,3.19,3.08,3.19,3.19,2069400,14.96,306.890015,0.67%,2.57%,3.24%,-23.60%,-1.25%,0.34%,-0.31%
2/7/2020,3.16,3.21,3.12,3.18,3.18,1802000,15.47,305.329987,-0.67%,0.63%,-0.31%,-12.92%,3.41%,-0.51%,0.00%
2/10/2020,3.16,3.24,3.12,3.18,3.18,1735700,15.04,307.519989,3.36%,0.93%,0.00%,-3.68%,-2.78%,0.72%,0.00%
2/11/2020,3.18,3.2,3.15,3.18,3.18,957400,15.18,308.079987,1.30%,-1.23%,0.00%,-44.84%,0.93%,0.18%,0.00%
2/12/2020,3.21,3.22,3.16,3.18,3.18,1851000,13.74,310.059998,0.00%,0.63%,0.00%,93.34%,-9.49%,0.64%,1.26%
2/13/2020,3.15,3.24,3.09,3.22,3.22,2607700,14.15,309.76001,0.96%,0.62%,1.26%,40.88%,2.98%,-0.10%,3.11%
2/14/2020,3.25,3.39,3.24,3.32,3.32,2333100,13.68,310.279999,0.32%,4.63%,3.11%,-10.53%,-3.32%,0.17%,-3.31%
2/18/2020,3.32,3.32,3.18,3.21,3.21,1560500,14.83,309.429993,-2.22%,-2.06%,-3.31%,-33.11%,8.41%,-0.27%,-2.18%
2/19/2020,3.2,3.23,3.1,3.14,3.14,1060900,14.38,310.920013,4.85%,-2.71%,-2.18%,-32.02%,-3.03%,0.48%,0.00%
2/20/2020,3.13,3.22,3.11,3.14,3.14,765300,15.56,309.700012,-1.85%,-0.31%,0.00%,-27.86%,8.21%,-0.39%,0.00%
2/21/2020,3.12,3.21,3.12,3.14,3.14,660600,17.08,306.48999,-2.52%,-0.31%,0.00%,-13.68%,9.77%,-1.04%,-2.87%
2/24/2020,3.1,3.11,2.98,3.05,3.05,1774300,25.030001,296.23999,0.32%,-3.12%,-2.87%,168.59%,46.55%,-3.34%,-6.56%
2/25/2020,3.02,3.03,2.81,2.85,2.85,3574300,27.85,287.339996,0.32%,-2.57%,-6.56%,101.45%,11.27%,-3.00%,-1.05%
2/26/2020,2.75,2.98,2.71,2.82,2.82,2715800,27.559999,286.070007,-4.49%,-1.65%,-1.05%,-24.02%,-1.04%,-0.44%,-7.09%
2/27/2020,2.75,2.8,2.6,2.62,2.62,3131400,39.16,273.390015,-5.70%,-6.04%,-7.09%,15.30%,42.09%,-4.43%,-8.40%
2/28/2020,2.52,2.52,2.32,2.4,2.4,5857600,40.110001,271.73999,-3.56%,-10.00%,-8.40%,87.06%,2.43%,-0.60%,10.42%
3/2/2020,2.4,2.67,2.38,2.65,2.65,4786100,33.419998,283.869995,-4.06%,5.95%,10.42%,-18.29%,-16.68%,4.46%,-5.28%
3/3/2020,2.7,2.72,2.41,2.51,2.51,5076300,36.82,276.040009,-10.77%,1.87%,-5.28%,6.06%,10.17%,-2.76%,-0.40%
3/4/2020,2.53,2.6,2.48,2.5,2.5,4410800,31.99,287.480011,2.59%,-4.41%,-0.40%,-13.11%,-13.12%,4.14%,-2.80%
3/5/2020,2.47,2.5,2.41,2.43,2.43,1674200,39.619999,277.850006,1.26%,-3.85%,-2.80%,-62.04%,23.85%,-3.35%,-3.29%
3/6/2020,2.38,2.38,2.32,2.35,2.35,2757200,41.939999,273.190002,2.90%,-4.80%,-3.29%,64.69%,5.86%,-1.68%,-15.32%
3/9/2020,2.15,2.16,1.95,1.99,1.99,8380800,54.459999,252.110001,-2.82%,-9.24%,-15.32%,203.96%,29.85%,-7.72%,2.01%
3/10/2020,2.14,2.18,1.97,2.03,2.03,5475500,47.299999,263.809998,-3.73%,0.93%,2.01%,-34.67%,-13.15%,4.64%,-10.84%
3/11/2020,1.99,1.99,1.79,1.81,1.81,3925800,53.900002,250.729996,-15.95%,-8.72%,-10.84%,-28.30%,13.95%,-4.96%,-22.10%
3/12/2020,1.57,1.57,1.35,1.41,1.41,7773500,75.470001,226.479996,1.03%,-21.11%,-22.10%,98.01%,40.02%,-9.67%,21.99%
3/13/2020,1.54,1.74,1.5,1.72,1.72,5044700,57.830002,247.639999,-9.14%,10.83%,21.99%,-35.10%,-23.37%,9.34%,-12.21%
3/16/2020,1.52,1.69,1.4,1.51,1.51,4560400,82.690002,218.570007,-24.58%,-2.87%,-12.21%,-9.60%,42.99%,-11.74%,3.97%
3/17/2020,1.54,1.68,1.49,1.57,1.57,3604200,75.910004,232.880005,11.11%,-0.59%,3.97%,-20.97%,-8.20%,6.55%,-10.19%
3/18/2020,1.43,1.52,1.39,1.41,1.41,3947800,76.449997,220.149994,-6.67%,-9.52%,-10.19%,9.53%,0.71%,-5.47%,-0.71%
3/19/2020,1.44,1.49,1.33,1.4,1.4,3208500,72,220.339996,6.43%,-1.97%,-0.71%,-18.73%,-5.82%,0.09%,0.00%
3/20/2020,1.52,1.58,1.38,1.4,1.4,2316200,66.040001,210.740005,-6.71%,6.04%,0.00%,-27.81%,-8.28%,-4.36%,-14.29%
3/23/2020,1.33,1.34,1.2,1.2,1.2,6004200,61.59,204.270004,-4.32%,-15.19%,-14.29%,159.23%,-6.74%,-3.07%,15.00%
3/24/2020,1.28,1.41,1.26,1.38,1.38,4857500,61.669998,223.75,3.76%,5.22%,15.00%,-19.10%,0.13%,9.54%,9.42%
3/25/2020,1.42,1.57,1.42,1.51,1.51,5645100,63.950001,226.619995,-13.04%,11.35%,9.42%,16.21%,3.70%,1.28%,4.64%
3/26/2020,1.46,1.62,1.45,1.58,1.58,4773700,61,240.240005,5.00%,3.18%,4.64%,-15.44%,-4.61%,6.01%,-6.33%
3/27/2020,1.53,1.54,1.43,1.48,1.48,3502900,65.540001,232.860001,12.70%,-4.94%,-6.33%,-26.62%,7.44%,-3.07%,-4.05%
3/30/2020,1.48,1.48,1.4,1.42,1.42,2306400,57.080002,240.389999,2.11%,-3.90%,-4.05%,-34.16%,-12.91%,3.23%,-1.41%
3/31/2020,1.42,1.45,1.36,1.4,1.4,1107400,53.540001,236.820007,-1.38%,-2.03%,-1.41%,-51.99%,-6.20%,-1.49%,-3.57%
4/1/2020,1.33,1.39,1.32,1.35,1.35,1674000,57.060001,226.149994,-2.10%,-4.14%,-3.57%,51.16%,6.57%,-4.51%,-3.70%
4/2/2020,1.34,1.39,1.3,1.3,1.3,1196400,50.91,231.440002,-2.86%,0.00%,-3.70%,-28.53%,-10.78%,2.34%,-0.77%
4/3/2020,1.3,1.32,1.26,1.29,1.29,2062000,46.799999,228.020004,-2.94%,-5.04%,-0.77%,72.35%,-8.07%,-1.48%,3.88%
4/6/2020,1.32,1.43,1.32,1.34,1.34,2152500,45.240002,243.529999,-1.52%,8.33%,3.88%,4.39%,-3.33%,6.80%,5.22%
4/7/2020,1.42,1.47,1.38,1.41,1.41,2465400,46.700001,243.660004,-3.08%,2.80%,5.22%,14.54%,3.23%,0.05%,1.42%
4/8/2020,1.4,1.47,1.39,1.43,1.43,1451500,43.349998,251.929993,4.76%,0.00%,1.42%,-41.13%,-7.17%,3.39%,1.40%
4/9/2020,1.46,1.5,1.43,1.45,1.45,1988700,41.669998,255.669998,4.55%,2.04%,1.40%,37.01%,-3.88%,1.48%,-0.69%
4/13/2020,1.45,1.45,1.4,1.44,1.44,1483000,41.169998,253.190002,0.72%,-3.33%,-0.69%,-25.43%,-1.20%,-0.97%,5.56%
4/14/2020,1.45,1.54,1.44,1.52,1.52,3141800,37.759998,260.920013,2.88%,6.21%,5.56%,111.85%,-8.28%,3.05%,3.95%
4/15/2020,1.5,1.63,1.48,1.58,1.58,3276100,40.84,255.240005,-2.10%,5.84%,3.95%,4.27%,8.16%,-2.18%,10.76%
4/16/2020,1.56,1.79,1.56,1.75,1.75,4055800,40.110001,256.529999,2.86%,9.82%,10.76%,23.80%,-1.79%,0.51%,2.86%
4/17/2020,1.82,1.89,1.76,1.8,1.8,5381800,38.150002,263.609985,2.78%,5.59%,2.86%,32.69%,-4.89%,2.76%,-7.78%
4/20/2020,1.75,1.75,1.65,1.66,1.66,2613900,43.830002,258.859985,5.41%,-7.41%,-7.78%,-51.43%,14.89%,-1.80%,-3.61%
4/21/2020,1.63,1.64,1.54,1.6,1.6,2192400,45.41,250.949997,12.82%,-6.29%,-3.61%,-16.13%,3.60%,-3.06%,1.87%
4/22/2020,1.64,1.71,1.62,1.63,1.63,1130200,41.98,256.470001,-6.25%,4.27%,1.87%,-48.45%,-7.55%,2.20%,0.00%
4/23/2020,1.63,1.7,1.61,1.63,1.63,752100,41.380001,256.420013,-6.67%,-0.58%,0.00%,-33.45%,-1.43%,-0.02%,-1.23%
4/24/2020,1.65,1.66,1.58,1.61,1.61,945900,35.93,260.140015,5.19%,-2.35%,-1.23%,25.77%,-13.17%,1.45%,-2.48%
4/27/2020,1.59,1.6,1.54,1.57,1.57,1678400,33.290001,263.899994,-0.62%,-3.61%,-2.48%,77.44%,-7.35%,1.45%,1.91%
4/28/2020,1.58,1.62,1.56,1.6,1.6,1009100,33.57,262.679993,-1.86%,1.25%,1.91%,-39.88%,0.84%,-0.46%,3.12%
4/29/2020,1.6,1.67,1.6,1.65,1.65,2443400,31.23,269.450012,-2.53%,3.09%,3.12%,142.14%,-6.97%,2.58%,-1.21%
4/30/2020,1.64,1.64,1.6,1.63,1.63,1822200,34.150002,267.100006,1.30%,-1.80%,-1.21%,-25.42%,9.35%,-0.87%,-3.07%
5/1/2020,1.61,1.61,1.56,1.58,1.58,1974200,37.189999,259.820007,2.56%,-1.83%,-3.07%,8.34%,8.90%,-2.73%,-0.63%
5/4/2020,1.58,1.58,1.5,1.57,1.57,2681600,35.970001,260.640015,0.00%,-1.86%,-0.63%,35.83%,-3.28%,0.32%,0.00%
5/5/2020,1.55,1.64,1.55,1.57,1.57,1351300,33.610001,263.040009,-2.50%,3.80%,0.00%,-49.61%,-6.56%,0.92%,-1.27%
5/6/2020,1.61,1.63,1.53,1.55,1.55,1056800,34.119999,261.269989,-3.85%,-0.61%,-1.27%,-21.79%,1.52%,-0.67%,1.94%
5/7/2020,1.55,1.6,1.55,1.58,1.58,2715600,31.440001,264.359985,3.33%,-1.84%,1.94%,156.96%,-7.85%,1.18%,1.90%
5/8/2020,1.58,1.61,1.57,1.61,1.61,3914500,27.98,268.779999,-1.29%,0.63%,1.90%,44.15%,-11.01%,1.67%,-0.62%
5/11/2020,1.6,1.62,1.59,1.6,1.6,1108400,27.57,268.820007,1.31%,0.62%,-0.62%,-71.68%,-1.47%,0.01%,-1.25%
5/12/2020,1.58,1.61,1.57,1.58,1.58,1732000,33.040001,263.410004,1.29%,-0.62%,-1.25%,56.26%,19.84%,-2.01%,-4.43%
5/13/2020,1.57,1.58,1.5,1.51,1.51,3563500,35.279999,258.73999,1.27%,-1.86%,-4.43%,105.74%,6.78%,-1.77%,-0.66%
5/14/2020,1.51,1.52,1.43,1.5,1.5,1673700,32.610001,261.859985,-1.26%,-3.80%,-0.66%,-53.03%,-7.57%,1.21%,5.33%
5/15/2020,1.45,1.58,1.45,1.58,1.58,1275500,31.889999,263.040009,-4.46%,3.95%,5.33%,-23.79%,-2.21%,0.45%,1.90%
5/18/2020,1.62,1.65,1.6,1.61,1.61,3052100,29.299999,271.079987,-4.67%,4.43%,1.90%,139.29%,-8.12%,3.06%,8.70%
5/19/2020,1.75,1.77,1.65,1.75,1.75,4763500,30.530001,268.519989,1.40%,7.27%,8.70%,56.07%,4.20%,-0.94%,7.43%
5/20/2020,1.76,1.9,1.75,1.88,1.88,6297100,27.99,272.899994,10.34%,7.34%,7.43%,32.19%,-8.32%,1.63%,17.55%
5/21/2020,1.91,2.74,1.9,2.21,2.21,24872300,29.530001,270.940002,3.12%,44.21%,17.55%,294.98%,5.50%,-0.72%,-4.07%
5/22/2020,2.23,2.29,1.96,2.12,2.12,5796200,28.16,271.549988,6.06%,-16.42%,-4.07%,-76.70%,-4.64%,0.23%,5.19%
5/26/2020,2.19,2.26,2.18,2.23,2.23,3649500,28.01,275.040009,8.57%,-1.31%,5.19%,-37.04%,-0.53%,1.29%,-3.14%
5/27/2020,2.25,2.3,2.16,2.16,2.16,2646300,27.620001,279.049988,3.16%,1.77%,-3.14%,-27.49%,-1.39%,1.46%,-0.93%
5/28/2020,2.16,2.22,2.14,2.14,2.14,1475500,28.59,278.5,11.22%,-3.48%,-0.93%,-44.24%,3.51%,-0.20%,-1.87%
5/29/2020,2.14,2.15,2.01,2.1,2.1,1665500,27.51,279.75,-0.92%,-3.15%,-1.87%,12.88%,-3.78%,0.45%,4.76%
6/1/2020,2.07,2.26,2.03,2.2,2.2,3848000,28.23,280.970001,-0.93%,5.12%,4.76%,131.04%,2.62%,0.44%,-0.91%
6/2/2020,2.19,2.24,2.15,2.18,2.18,1211600,26.84,283.279999,-6.07%,-0.88%,-0.91%,-68.51%,-4.92%,0.82%,0.00%
6/3/2020,2.19,2.22,2.16,2.18,2.18,1235200,25.66,287.019989,1.00%,-0.89%,0.00%,1.95%,-4.40%,1.32%,-0.92%
6/4/2020,2.18,2.19,2.15,2.16,2.16,1092700,25.809999,286.290009,5.91%,-1.35%,-0.92%,-11.54%,0.58%,-0.25%,2.78%
6/5/2020,2.18,2.29,2.18,2.22,2.22,2943700,24.52,293.609985,0.47%,4.57%,2.78%,169.40%,-5.00%,2.56%,1.35%
6/8/2020,2.26,2.27,2.23,2.25,2.25,1865100,25.809999,297.170013,-0.46%,-0.87%,1.35%,-36.64%,5.26%,1.21%,-2.22%
6/9/2020,2.24,2.25,2.18,2.2,2.2,1815800,27.57,295.059998,1.40%,-0.88%,-2.22%,-2.64%,6.82%,-0.71%,-0.91%
6/10/2020,2.2,2.21,2.11,2.18,2.18,1201600,27.57,293.220001,2.29%,-1.78%,-0.91%,-33.83%,0.00%,-0.62%,-7.34%
6/11/2020,2.09,2.1,1.98,2.02,2.02,3636500,40.790001,276.320007,-2.24%,-4.98%,-7.34%,202.64%,47.95%,-5.76%,1.49%
6/12/2020,2.05,2.14,2.03,2.05,2.05,2750200,36.09,279.649994,-3.21%,1.90%,1.49%,-24.37%,-11.52%,1.21%,-1.95%
6/15/2020,1.99,2.06,1.92,2.01,2.01,2542100,34.400002,282.200012,-6.16%,-3.74%,-1.95%,-7.57%,-4.68%,0.91%,6.47%
6/16/2020,2.21,2.27,2.1,2.14,2.14,3810900,33.669998,287.720001,2.53%,10.19%,6.47%,49.91%,-2.12%,1.96%,-1.87%
6/17/2020,2.13,2.17,2.08,2.1,2.1,1210200,33.470001,286.399994,-5.42%,-4.41%,-1.87%,-68.24%,-0.59%,-0.46%,-1.90%
6/18/2020,2.04,2.09,2.04,2.06,2.06,752200,32.939999,286.660004,9.38%,-3.69%,-1.90%,-37.84%,-1.58%,0.09%,-0.49%
6/19/2020,2.07,2.11,2.03,2.05,2.05,866300,35.119999,284.970001,-0.95%,0.96%,-0.49%,15.17%,6.62%,-0.59%,-0.98%
6/22/2020,2.03,2.06,2.01,2.03,2.03,574000,31.77,286.859985,-1.92%,-2.37%,-0.98%,-33.74%,-9.54%,0.66%,3.94%
6/23/2020,2.03,2.13,2.01,2.11,2.11,1478200,31.370001,288.160004,-0.49%,3.40%,3.94%,157.53%,-1.26%,0.45%,-0.95%
6/24/2020,2.11,2.11,2.05,2.09,2.09,1074400,33.84,280.790009,-0.99%,-0.94%,-0.95%,-27.32%,7.87%,-2.56%,0.48%
6/25/2020,2.04,2.11,2.04,2.1,2.1,1440200,32.220001,283.76001,0.00%,0.00%,0.48%,34.05%,-4.79%,1.06%,-1.43%
6/26/2020,2.09,2.1,2.04,2.07,2.07,1745100,34.73,277.109985,1.99%,-0.47%,-1.43%,21.17%,7.79%,-2.34%,4.35%
6/29/2020,2.03,2.21,2.01,2.16,2.16,1417500,31.780001,279.700012,-0.49%,5.24%,4.35%,-18.77%,-8.49%,0.93%,1.39%
6/30/2020,2.16,2.24,2.16,2.19,2.19,2258000,30.43,283.429993,0.00%,1.36%,1.39%,59.29%,-4.25%,1.33%,0.00%
7/1/2020,2.2,2.23,2.16,2.19,2.19,1448300,28.620001,285.369995,-1.47%,-0.45%,0.00%,-35.86%,-5.95%,0.68%,0.00%
7/2/2020,2.17,2.24,2.17,2.19,2.19,1539900,27.68,286.809998,7.46%,0.45%,0.00%,6.32%,-3.28%,0.50%,-2.74%
7/6/2020,2.19,2.2,2.12,2.13,2.13,524500,27.940001,291.26001,0.00%,-1.79%,-2.74%,-65.94%,0.94%,1.55%,-1.88%
7/7/2020,2.13,2.16,2.04,2.09,2.09,799400,29.43,288.23999,0.46%,-1.82%,-1.88%,52.41%,5.33%,-1.04%,0.00%
7/8/2020,2.07,2.1,2.06,2.09,2.09,567900,28.08,290.380005,-2.30%,-2.78%,0.00%,-28.96%,-4.59%,0.74%,6.70%
7/9/2020,2.07,2.32,2.03,2.23,2.23,3355800,29.26,288.899994,-3.77%,10.48%,6.70%,490.91%,4.20%,-0.51%,-0.45%
7/10/2020,2.21,2.25,2.15,2.22,2.22,1936900,27.290001,291.799988,0.98%,-3.02%,-0.45%,-42.28%,-6.73%,1.00%,-3.60%
7/13/2020,2.21,2.23,2.12,2.14,2.14,890900,32.189999,289.160004,-1.46%,-0.89%,-3.60%,-54.00%,17.96%,-0.90%,0.47%
7/14/2020,2.13,2.16,2.1,2.15,2.15,846800,29.52,293.029999,5.91%,-3.14%,0.47%,-4.95%,-8.29%,1.34%,0.00%
7/15/2020,2.15,2.16,2.12,2.15,2.15,596000,27.76,295.630005,-1.40%,0.00%,0.00%,-29.62%,-5.96%,0.89%,-1.40%
7/16/2020,2.15,2.15,2.11,2.12,2.12,330100,28,294.769989,-0.94%,-0.46%,-1.40%,-44.61%,0.86%,-0.29%,0.47%
7/17/2020,2.12,2.14,2.1,2.13,2.13,388300,25.68,295.549988,0.95%,-0.47%,0.47%,17.63%,-8.29%,0.26%,-1.41%
7/20/2020,2.09,2.14,2.09,2.1,2.1,325300,24.459999,298.01001,-0.47%,0.00%,-1.41%,-16.22%,-4.75%,0.83%,-0.95%
7/21/2020,2.06,2.12,2.05,2.08,2.08,564200,24.84,298.630005,-0.47%,-0.93%,-0.95%,73.44%,1.55%,0.21%,-1.92%
7/22/2020,2.02,2.07,2,2.04,2.04,1616300,24.32,300.329987,-0.48%,-2.36%,-1.92%,186.48%,-2.09%,0.57%,-1.96%
7/23/2020,2,2.04,1.98,2,2,1738800,26.08,296.73999,-1.91%,-1.45%,-1.96%,7.58%,7.24%,-1.20%,1.50%
7/24/2020,2,2.03,1.97,2.03,2.03,982800,25.84,294.820007,-2.44%,-0.49%,1.50%,-43.48%,-0.92%,-0.65%,-1.97%
7/27/2020,2.01,2.02,1.99,1.99,1.99,774000,24.74,296.970001,-1.00%,-0.49%,-1.97%,-21.25%,-4.26%,0.73%,0.00%
7/28/2020,1.99,2,1.98,1.99,1.99,281100,25.440001,295.130005,-0.51%,-0.99%,0.00%,-63.68%,2.83%,-0.62%,2.51%
7/29/2020,1.98,2.04,1.97,2.04,2.04,651900,24.1,298.700012,1.02%,2.00%,2.51%,131.91%,-5.27%,1.21%,-2.94%
7/30/2020,2.05,2.09,1.98,1.98,1.98,587800,24.76,297.609985,-0.50%,2.45%,-2.94%,-9.83%,2.74%,-0.36%,0.00%
7/31/2020,1.98,2.03,1.98,1.98,1.98,487800,24.459999,300.100006,-0.51%,-2.87%,0.00%,-17.01%,-1.21%,0.84%,-3.03%
8/3/2020,1.98,1.99,1.9,1.92,1.92,1223700,24.280001,301.98999,0.51%,-1.97%,-3.03%,150.86%,-0.74%,0.63%,1.04%
8/4/2020,1.9,1.97,1.87,1.94,1.94,1293400,23.76,303.26001,0.00%,-1.01%,1.04%,5.70%,-2.14%,0.42%,5.15%
8/5/2020,1.94,2.04,1.93,2.04,2.04,2453300,22.99,305.149994,-4.04%,3.55%,5.15%,89.68%,-3.24%,0.62%,2.45%
8/6/2020,2.05,2.12,2.03,2.09,2.09,2612700,22.65,307.200012,-1.58%,3.92%,2.45%,6.50%,-1.48%,0.67%,0.48%
8/7/2020,2.09,2.12,2.05,2.1,2.1,1449300,22.209999,307.359985,3.21%,0.00%,0.48%,-44.53%,-1.94%,0.05%,0.48%
8/10/2020,2.09,2.11,2.05,2.11,2.11,1089500,22.129999,308.339996,5.18%,-0.47%,0.48%,-24.83%,-0.36%,0.32%,-1.42%
8/11/2020,2.09,2.11,2.07,2.08,2.08,1166800,24.030001,305.850006,0.99%,0.00%,-1.42%,7.09%,8.59%,-0.81%,0.48%
8/12/2020,2.07,2.12,2.05,2.09,2.09,1538600,22.280001,310.040009,0.00%,0.47%,0.48%,31.86%,-7.28%,1.37%,1.91%
8/13/2020,2.08,2.13,2.07,2.13,2.13,1183500,22.129999,309.51001,0.98%,0.47%,1.91%,-23.08%,-0.67%,-0.17%,0.94%
8/14/2020,2.13,2.16,2.11,2.15,2.15,1248800,22.049999,309.51001,-0.97%,1.41%,0.94%,5.52%,-0.36%,0.00%,5.12%
8/17/2020,2.12,2.35,2.12,2.26,2.26,3444600,21.35,310.51001,0.98%,8.80%,5.12%,175.83%,-3.17%,0.32%,-0.44%
8/18/2020,2.29,2.3,2.2,2.25,2.25,1681700,21.51,311.160004,1.93%,-2.13%,-0.44%,-51.18%,0.75%,0.21%,-0.44%
8/19/2020,2.24,2.27,2.21,2.24,2.24,1067900,22.540001,309.839996,0.47%,-1.30%,-0.44%,-36.50%,4.79%,-0.42%,-2.68%
8/20/2020,2.23,2.25,2.17,2.18,2.18,1150300,22.719999,310.820007,3.77%,-0.88%,-2.68%,7.72%,0.80%,0.32%,-1.83%
8/21/2020,2.16,2.18,2.1,2.14,2.14,875600,22.540001,311.929993,0.45%,-3.11%,-1.83%,-23.88%,-0.79%,0.36%,1.87%
8/24/2020,2.14,2.22,2.12,2.18,2.18,1107500,22.370001,315.100006,-1.81%,1.83%,1.87%,26.48%,-0.75%,1.02%,0.92%
8/25/2020,2.18,2.2,2.16,2.2,2.2,1159900,22.030001,316.200012,-3.23%,-0.90%,0.92%,4.73%,-1.52%,0.35%,-1.82%
8/26/2020,2.18,2.21,2.14,2.16,2.16,750600,23.27,319.429993,0.95%,0.45%,-1.82%,-35.29%,5.63%,1.02%,0.46%
8/27/2020,2.15,2.18,2.14,2.17,2.17,1265200,24.469999,320.070007,1.89%,-1.36%,0.46%,68.56%,5.16%,0.20%,0.92%
8/28/2020,2.16,2.2,2.15,2.19,2.19,1093200,22.959999,322.149994,-0.93%,0.92%,0.92%,-13.59%,-6.17%,0.65%,2.28%
8/31/2020,2.19,2.31,2.17,2.24,2.24,1859900,26.41,321.019989,0.00%,5.00%,2.28%,70.13%,15.03%,-0.35%,-1.79%
9/1/2020,2.24,2.27,2.18,2.2,2.2,1655100,26.120001,324.019989,0.47%,-1.73%,-1.79%,-11.01%,-1.10%,0.93%,-1.36%
9/2/2020,2.18,2.2,2.16,2.17,2.17,766000,26.57,328.73999,0.93%,-3.08%,-1.36%,-53.72%,1.72%,1.46%,-0.92%
9/3/2020,2.16,2.18,2.1,2.15,2.15,1314600,33.599998,317.359985,0.46%,-0.91%,-0.92%,71.62%,26.46%,-3.46%,-0.47%
9/4/2020,2.12,2.17,2.1,2.14,2.14,790100,30.75,314.820007,-0.92%,-0.46%,-0.47%,-39.90%,-8.48%,-0.80%,-3.74%
9/8/2020,2.15,2.15,2.06,2.06,2.06,814500,31.459999,306.170013,-2.78%,-0.92%,-3.74%,3.09%,2.31%,-2.75%,0.49%
9/9/2020,2.07,2.13,2.05,2.07,2.07,654600,28.809999,312.209991,0.00%,-0.93%,0.49%,-19.63%,-8.42%,1.97%,-0.48%
9/10/2020,2.06,2.1,2.05,2.06,2.06,905000,29.709999,306.75,-1.90%,-1.41%,-0.48%,38.25%,3.12%,-1.75%,-2.91%
9/11/2020,2.07,2.08,2,2,2,1037900,26.870001,306.980011,-0.49%,-0.95%,-2.91%,14.69%,-9.56%,0.07%,0.50%
9/14/2020,2.01,2.04,2,2.01,2.01,760100,25.85,310.970001,0.00%,-1.92%,0.50%,-26.77%,-3.80%,1.30%,-1.49%
9/15/2020,2,2.01,1.97,1.98,1.98,943400,25.59,312.570007,-2.44%,-1.47%,-1.49%,24.12%,-1.01%,0.51%,-2.02%
9/16/2020,1.97,2.02,1.93,1.94,1.94,2289900,26.040001,311.309998,0.00%,0.50%,-2.02%,142.73%,1.76%,-0.40%,-2.06%
9/17/2020,1.96,1.96,1.88,1.9,1.9,3527400,26.459999,308.589996,-1.50%,-2.97%,-2.06%,54.04%,1.61%,-0.87%,2.11%
9/18/2020,1.9,1.97,1.9,1.94,1.94,596800,25.83,305,-2.03%,0.51%,2.11%,-83.08%,-2.38%,-1.16%,-1.55%
9/21/2020,1.92,1.97,1.9,1.91,1.91,498600,27.780001,301.690002,-2.59%,0.00%,-1.55%,-16.45%,7.55%,-1.09%,0.52%
9/22/2020,1.91,1.95,1.9,1.92,1.92,511900,26.860001,304.73999,1.06%,-1.02%,0.52%,2.67%,-3.31%,1.01%,-0.52%
9/23/2020,1.94,1.95,1.89,1.91,1.91,1209100,28.58,297.679993,0.00%,0.00%,-0.52%,136.20%,6.40%,-2.32%,0.52%
9/24/2020,1.87,1.93,1.85,1.92,1.92,2874600,28.51,298.5,0.00%,-1.03%,0.52%,137.75%,-0.24%,0.28%,0.52%
9/25/2020,1.92,1.96,1.89,1.93,1.93,1452800,26.379999,303.279999,-0.53%,1.55%,0.52%,-49.46%,-7.47%,1.60%,1.55%
9/28/2020,1.94,1.98,1.91,1.96,1.96,681000,26.190001,308.359985,-2.12%,1.02%,1.55%,-53.13%,-0.72%,1.68%,-1.02%
9/29/2020,1.97,1.97,1.92,1.94,1.94,660300,26.27,305.299988,2.16%,-0.51%,-1.02%,-3.04%,0.31%,-0.99%,-1.55%
9/30/2020,1.95,1.95,1.9,1.91,1.91,459900,26.370001,307.649994,1.06%,-1.02%,-1.55%,-30.35%,0.38%,0.77%,0.00%
10/1/2020,1.91,1.93,1.89,1.91,1.91,605800,26.700001,309.600006,0.52%,-1.03%,0.00%,31.72%,1.25%,0.63%,-1.57%
10/2/2020,1.9,1.9,1.85,1.88,1.88,2047000,27.629999,306.720001,-1.04%,-1.55%,-1.57%,237.90%,3.48%,-0.93%,2.13%
10/5/2020,1.87,1.92,1.87,1.92,1.92,2083300,27.959999,312.079987,-0.53%,1.05%,2.13%,1.77%,1.19%,1.75%,1.04%
10/6/2020,1.92,1.95,1.9,1.94,1.94,1095400,29.48,307.720001,-2.12%,1.56%,1.04%,-47.42%,5.44%,-1.40%,-1.03%
10/7/2020,1.91,1.94,1.9,1.92,1.92,775900,28.059999,313,1.08%,-0.51%,-1.03%,-29.17%,-4.82%,1.72%,-0.52%
10/8/2020,1.91,1.93,1.9,1.91,1.91,1151100,26.360001,315.769989,1.60%,-0.52%,-0.52%,48.36%,-6.06%,0.88%,0.52%
10/9/2020,1.91,1.93,1.91,1.92,1.92,1351800,25,318.579987,0.00%,0.00%,0.52%,17.44%,-5.16%,0.89%,0.52%
10/12/2020,1.92,1.93,1.9,1.93,1.93,1743500,25.07,323.720001,0.00%,0.00%,0.52%,28.98%,0.28%,1.61%,-1.04%
10/13/2020,1.91,1.92,1.9,1.91,1.91,796500,26.07,321.649994,0.53%,-0.52%,-1.04%,-54.32%,3.99%,-0.64%,-1.57%
10/14/2020,1.9,1.91,1.86,1.88,1.88,981000,26.4,319.640015,-0.52%,-0.52%,-1.57%,23.16%,1.27%,-0.62%,-1.06%
10/15/2020,1.88,1.88,1.83,1.86,1.86,1230500,26.969999,319.26001,0.00%,-1.57%,-1.06%,25.43%,2.16%,-0.12%,-2.15%
10/16/2020,1.85,1.9,1.82,1.82,1.82,2097700,27.41,318.98999,-2.11%,1.06%,-2.15%,70.48%,1.63%,-0.08%,3.85%
10/19/2020,1.82,1.89,1.81,1.89,1.89,1597000,29.18,314.170013,-1.61%,-0.53%,3.85%,-23.87%,6.46%,-1.51%,0.53%
10/20/2020,1.9,1.9,1.86,1.9,1.9,499200,29.35,315.410004,-0.55%,0.53%,0.53%,-68.74%,0.58%,0.39%,0.00%
10/21/2020,1.89,1.91,1.86,1.9,1.9,442700,28.65,314.839996,-0.55%,0.53%,0.00%,-11.32%,-2.39%,-0.18%,2.11%
10/22/2020,1.87,1.94,1.87,1.94,1.94,475100,28.110001,316.570007,2.76%,1.57%,2.11%,7.32%,-1.88%,0.55%,0.00%
10/23/2020,1.94,1.95,1.92,1.94,1.94,516200,27.549999,317.649994,0.00%,0.52%,0.00%,8.65%,-1.99%,0.34%,-4.64%
10/26/2020,1.94,1.94,1.82,1.85,1.85,602800,32.459999,311.799988,0.54%,-0.51%,-4.64%,16.78%,17.82%,-1.84%,0.54%
10/27/2020,1.9,1.9,1.86,1.86,1.86,429200,33.349998,310.769989,2.67%,-2.06%,0.54%,-28.80%,2.74%,-0.33%,-1.08%
10/28/2020,1.85,1.87,1.81,1.84,1.84,485500,40.279999,300.070007,-5.21%,-1.58%,-1.08%,13.12%,20.78%,-3.44%,-0.54%
10/29/2020,1.83,1.88,1.81,1.83,1.83,553800,37.59,303.230011,2.20%,0.53%,-0.54%,14.07%,-6.68%,1.05%,-1.09%
10/30/2020,1.82,1.84,1.8,1.81,1.81,684900,38.02,299.820007,-2.69%,-2.13%,-1.09%,23.67%,1.14%,-1.12%,-0.55%
11/2/2020,1.82,1.85,1.8,1.8,1.8,691100,37.130001,303.309998,0.00%,0.54%,-0.55%,0.91%,-2.34%,1.16%,5.56%
11/3/2020,1.88,1.95,1.84,1.9,1.9,2524800,35.549999,308.660004,-0.55%,5.41%,5.56%,265.33%,-4.26%,1.76%,-5.26%
11/4/2020,1.91,1.97,1.71,1.8,1.8,2614600,29.57,315.609985,0.00%,1.03%,-5.26%,3.56%,-16.82%,2.25%,-1.67%
11/5/2020,1.78,1.8,1.74,1.77,1.77,1610400,27.58,321.790009,2.22%,-8.63%,-1.67%,-38.41%,-6.73%,1.96%,-2.26%
11/6/2020,1.79,1.79,1.71,1.73,1.73,1402300,24.860001,321.75,-7.07%,-0.56%,-2.26%,-12.92%,-9.86%,-0.01%,2.89%
11/9/2020,1.77,1.84,1.73,1.78,1.78,1948300,25.75,325.76001,1.75%,2.79%,2.89%,38.94%,3.58%,1.25%,-1.69%
11/10/2020,1.8,1.8,1.74,1.75,1.75,939500,24.799999,325.339996,-1.72%,-2.17%,-1.69%,-51.78%,-3.69%,-0.13%,-2.86%
11/11/2020,1.75,1.76,1.67,1.7,1.7,3245800,23.450001,327.630005,1.17%,-2.22%,-2.86%,245.48%,-5.44%,0.70%,2.94%
11/12/2020,1.73,1.75,1.69,1.75,1.75,955500,25.35,324.600006,0.58%,-0.57%,2.94%,-70.56%,8.10%,-0.92%,-0.57%
11/13/2020,1.71,1.75,1.7,1.74,1.74,1074900,23.1,329.01001,-4.02%,0.00%,-0.57%,12.50%,-8.88%,1.36%,0.00%
11/16/2020,1.73,1.74,1.67,1.74,1.74,2051300,22.450001,333,1.20%,-0.57%,0.00%,90.84%,-2.81%,1.21%,1.15%
11/17/2020,1.74,1.76,1.7,1.76,1.76,1227400,22.709999,331.339996,0.59%,1.15%,1.15%,-40.16%,1.16%,-0.50%,3.41%
11/18/2020,1.76,1.83,1.73,1.82,1.82,1618900,23.84,327.320007,-1.76%,3.98%,3.41%,31.90%,4.98%,-1.21%,-3.30%
11/19/2020,1.82,1.93,1.75,1.76,1.76,3857200,23.110001,328.690002,1.80%,5.46%,-3.30%,138.26%,-3.06%,0.42%,28.98%
11/20/2020,1.92,2.35,1.87,2.27,2.27,13905000,23.700001,326.48999,1.76%,21.76%,28.98%,260.49%,2.55%,-0.67%,6.61%
11/23/2020,2.37,2.7,2.1,2.42,2.42,11208600,22.66,328.420013,1.16%,14.89%,6.61%,-19.39%,-4.39%,0.59%,-2.07%
11/24/2020,2.48,2.58,2.32,2.37,2.37,4220300,21.639999,333.73999,6.86%,-4.44%,-2.07%,-62.35%,-4.50%,1.62%,5.06%
11/25/2020,2.36,2.52,2.36,2.49,2.49,2985800,21.25,333.190002,12.30%,-2.33%,5.06%,-29.25%,-1.80%,-0.16%,3.61%
11/27/2020,2.53,2.58,2.5,2.58,2.58,1665400,20.84,334.140015,10.48%,2.38%,3.61%,-44.22%,-1.93%,0.29%,10.85%
11/30/2020,2.62,2.87,2.59,2.86,2.86,9232100,20.57,332.640015,1.72%,11.24%,10.85%,454.35%,-1.30%,-0.45%,-9.44%
12/1/2020,2.9,3.06,2.47,2.59,2.59,7696400,20.77,336.299988,5.93%,6.62%,-9.44%,-16.63%,0.97%,1.10%,-8.49%
12/2/2020,2.52,2.55,2.35,2.37,2.37,3109700,21.17,337.01001,3.60%,-16.67%,-8.49%,-59.60%,1.93%,0.21%,9.28%
12/3/2020,2.42,2.62,2.23,2.59,2.59,3193000,21.280001,336.910004,-4.63%,2.75%,9.28%,2.68%,0.52%,-0.03%,1.16%
12/4/2020,2.64,2.75,2.41,2.62,2.62,2223800,20.790001,339.809998,-4.86%,4.96%,1.16%,-30.35%,-2.30%,0.86%,0.76%
12/7/2020,2.69,2.72,2.59,2.64,2.64,1589000,21.299999,339.179993,-5.11%,-1.09%,0.76%,-28.55%,2.45%,-0.19%,-3.03%
12/8/2020,2.65,2.68,2.53,2.56,2.56,1299400,20.68,340.160004,8.07%,-1.47%,-3.03%,-18.23%,-2.91%,0.29%,9.77%
12/9/2020,2.6,3.08,2.59,2.81,2.81,12479200,22.27,337.140015,7.47%,14.93%,9.77%,860.38%,7.69%,-0.89%,-2.14%
12/10/2020,2.76,2.81,2.58,2.75,2.75,3072800,22.52,336.980011,-2.32%,-8.77%,-2.14%,-75.38%,1.12%,-0.05%,-0.36%
12/11/2020,2.75,2.76,2.67,2.74,2.74,1925900,23.309999,336.549988,2.37%,-1.78%,-0.36%,-37.32%,3.51%,-0.13%,-1.82%
12/14/2020,2.91,2.91,2.68,2.69,2.69,3204000,24.719999,335.01001,-0.39%,5.43%,-1.82%,66.36%,6.05%,-0.46%,-15.61%
12/15/2020,2.4,2.44,2.02,2.27,2.27,11088900,22.889999,339.640015,3.49%,-16.15%,-15.61%,246.10%,-7.40%,1.38%,4.41%
12/16/2020,2.26,2.38,2.11,2.37,2.37,5955200,22.5,340.160004,0.37%,-2.46%,4.41%,-46.30%,-1.70%,0.15%,1.27%
12/17/2020,2.37,2.46,2.34,2.4,2.4,2932300,21.93,342.01001,-24.63%,3.36%,1.27%,-50.76%,-2.53%,0.54%,6.25%
12/18/2020,2.4,2.6,2.39,2.55,2.55,2684500,21.57,340.640015,4.46%,5.69%,6.25%,-8.45%,-1.64%,-0.40%,-3.14%
12/21/2020,2.5,2.53,2.37,2.47,2.47,2043300,25.16,339.589996,10.90%,-2.69%,-3.14%,-23.89%,16.64%,-0.31%,-2.83%
12/22/2020,2.48,2.48,2.4,2.4,2.4,1169100,24.23,337.540009,2.14%,-1.98%,-2.83%,-42.78%,-3.70%,-0.60%,-1.25%
12/23/2020,2.4,2.44,2.37,2.37,2.37,949800,23.309999,337.809998,-0.84%,-1.61%,-1.25%,-18.76%,-3.80%,0.08%,-4.22%
12/24/2020,2.35,2.39,2.26,2.27,2.27,1188200,21.530001,339.160004,1.27%,-2.05%,-4.22%,25.10%,-7.64%,0.40%,0.00%
12/28/2020,2.24,2.38,2.23,2.27,2.27,1871600,21.700001,342.109985,-1.25%,-0.42%,0.00%,57.52%,0.79%,0.87%,2.20%
12/29/2020,2.25,2.37,2.25,2.32,2.32,1820100,23.08,341.390015,-4.64%,-0.42%,2.20%,-2.75%,6.36%,-0.21%,-0.43%
12/30/2020,2.32,2.4,2.3,2.31,2.31,2544900,22.77,341.850006,-1.33%,1.27%,-0.43%,39.82%,-1.34%,0.13%,0.87%
12/31/2020,2.3,2.36,2.26,2.33,2.33,2042200,22.75,343.690002,0.90%,-1.67%,0.87%,-19.75%,-0.09%,0.54%,0.00%
1/4/2021,2.35,2.36,2.27,2.33,2.33,2066800,26.969999,339.029999,2.22%,0.00%,0.00%,1.20%,18.55%,-1.36%,-2.15%
1/5/2021,2.27,2.34,2.23,2.28,2.28,1814600,25.34,341.26001,-1.74%,-0.85%,-2.15%,-12.20%,-6.04%,0.66%,-3.95%
1/6/2021,2.25,2.28,2.12,2.19,2.19,3252400,25.07,343.329987,0.44%,-2.56%,-3.95%,79.24%,-1.07%,0.61%,-8.22%
1/7/2021,2.17,2.19,1.97,2.01,2.01,5432900,22.370001,348.459991,-1.76%,-3.95%,-8.22%,67.04%,-10.77%,1.49%,-4.98%
1/8/2021,1.98,2,1.87,1.91,1.91,5106800,21.559999,350.420013,-4.93%,-8.68%,-4.98%,-6.00%,-3.62%,0.56%,6.28%
1/11/2021,1.91,2.09,1.9,2.03,2.03,3125400,24.08,348.130005,-7.08%,4.50%,6.28%,-38.80%,11.69%,-0.65%,-0.49%
1/12/2021,2,2.1,1.95,2.02,2.02,2454100,23.33,348.160004,-5.08%,0.48%,-0.49%,-21.48%,-3.11%,0.01%,-1.98%
1/13/2021,2.05,2.05,1.91,1.98,1.98,2429500,22.209999,349.029999,1.60%,-2.38%,-1.98%,-1.00%,-4.80%,0.25%,-0.51%
1/14/2021,1.97,2.04,1.95,1.97,1.97,1913600,23.25,347.850006,2.63%,-0.49%,-0.51%,-21.23%,4.68%,-0.34%,-7.61%
1/15/2021,1.97,1.97,1.8,1.82,1.82,10334000,24.34,345.369995,-2.05%,-3.43%,-7.61%,440.03%,4.69%,-0.71%,4.40%
1/19/2021,1.86,1.95,1.72,1.9,1.9,7797300,23.24,348.100006,2.09%,-1.02%,4.40%,-24.55%,-4.52%,0.79%,-2.11%
1/20/2021,1.9,1.91,1.82,1.86,1.86,3354000,21.58,352.829987,-7.69%,-2.05%,-2.11%,-56.99%,-7.14%,1.36%,-3.23%
1/21/2021,1.84,1.87,1.79,1.8,1.8,2073100,21.32,353.160004,-4.44%,-2.09%,-3.23%,-38.19%,-1.20%,0.09%,-2.22%
1/22/2021,1.8,1.8,1.7,1.76,1.76,3670600,21.91,351.899994,5.81%,-3.74%,-2.22%,77.06%,2.77%,-0.36%,3.98%
1/25/2021,1.75,1.86,1.73,1.83,1.83,2186000,23.190001,353.329987,-1.65%,3.33%,3.98%,-40.45%,5.84%,0.41%,1.64%
1/26/2021,1.85,1.93,1.84,1.86,1.86,1948300,23.02,352.799988,-5.03%,3.76%,1.64%,-10.87%,-0.73%,-0.15%,10.22%
1/27/2021,1.87,2.08,1.82,2.05,2.05,17775900,37.209999,344.23999,1.76%,7.77%,10.22%,812.38%,61.64%,-2.43%,-6.34%
1/28/2021,2.05,2.15,1.92,1.92,1.92,4508200,30.209999,347.130005,6.36%,3.37%,-6.34%,-74.64%,-18.81%,0.84%,-3.12%
1/29/2021,1.98,1.99,1.85,1.86,1.86,1588200,33.09,340.179993,-1.09%,-7.44%,-3.12%,-64.77%,9.53%,-2.00%,1.61%
2/1/2021,1.86,1.95,1.85,1.89,1.89,1270600,30.24,345.769989,5.49%,-2.01%,1.61%,-20.00%,-8.61%,1.64%,0.00%
2/2/2021,1.9,1.92,1.85,1.89,1.89,1120700,25.559999,350.73999,-3.65%,-1.54%,0.00%,-11.80%,-15.48%,1.44%,-0.53%
2/3/2021,1.9,1.9,1.85,1.88,1.88,1003700,22.91,351.089996,0.00%,-1.04%,-0.53%,-10.44%,-10.37%,0.10%,0.00%
2/4/2021,1.88,1.89,1.85,1.88,1.88,976500,21.77,355.019989,0.00%,-0.53%,0.00%,-2.71%,-4.98%,1.12%,-0.53%
2/5/2021,1.88,1.88,1.85,1.87,1.87,648700,20.870001,356.440002,0.00%,-0.53%,-0.53%,-33.57%,-4.13%,0.40%,-0.53%
2/8/2021,1.87,1.88,1.85,1.86,1.86,908700,21.24,359.070007,0.00%,0.00%,-0.53%,40.08%,1.77%,0.74%,0.00%
2/9/2021,1.85,1.88,1.84,1.86,1.86,1084900,21.629999,358.779999,0.00%,0.00%,0.00%,19.39%,1.84%,-0.08%,-2.15%
2/10/2021,1.86,1.86,1.81,1.82,1.82,1370200,21.99,358.640015,0.00%,-1.06%,-2.15%,26.30%,1.66%,-0.04%,-0.55%
2/11/2021,1.81,1.84,1.81,1.81,1.81,650400,21.25,359.220001,-0.54%,-1.08%,-0.55%,-52.53%,-3.37%,0.16%,0.00%
2/12/2021,1.82,1.84,1.8,1.81,1.81,814200,19.969999,361.049988,-1.63%,0.00%,0.00%,25.18%,-6.02%,0.51%,0.55%
2/16/2021,1.91,1.91,1.81,1.82,1.82,859700,21.459999,360.709991,0.00%,3.80%,0.55%,5.59%,7.46%,-0.09%,-0.55%
2/17/2021,1.81,1.82,1.8,1.81,1.81,690600,21.5,360.790009,-0.55%,-4.71%,-0.55%,-19.67%,0.19%,0.02%,-0.55%
2/18/2021,1.81,1.81,1.78,1.8,1.8,895000,22.49,359.25,0.56%,-0.55%,-0.55%,29.60%,4.60%,-0.43%,0.00%
2/19/2021,1.8,1.82,1.79,1.8,1.8,660500,22.049999,358.589996,-0.55%,0.55%,0.00%,-26.20%,-1.96%,-0.18%,-1.11%
2/22/2021,1.8,1.8,1.77,1.78,1.78,1006700,23.450001,355.769989,-1.11%,-1.10%,-1.11%,52.41%,6.35%,-0.79%,-1.12%
2/23/2021,1.77,1.78,1.73,1.76,1.76,1713200,23.110001,356.220001,0.56%,-1.11%,-1.12%,70.18%,-1.45%,0.13%,-1.14%
2/24/2021,1.75,1.77,1.7,1.74,1.74,2133700,21.34,360.160004,-1.12%,-0.56%,-1.14%,24.54%,-7.66%,1.11%,-1.15%
2/25/2021,1.76,1.77,1.71,1.72,1.72,899700,28.889999,351.519989,-2.26%,0.00%,-1.15%,-57.83%,35.38%,-2.40%,5.23%
2/26/2021,1.72,1.82,1.71,1.81,1.81,1574900,27.950001,349.589996,-1.73%,2.82%,5.23%,75.05%,-3.25%,-0.55%,0.00%
3/1/2021,1.82,1.9,1.76,1.81,1.81,1860600,23.35,358.119995,0.59%,4.40%,0.00%,18.14%,-16.46%,2.44%,-1.66%
3/2/2021,1.83,1.83,1.76,1.78,1.78,738000,24.1,355.350006,0.00%,-3.68%,-1.66%,-60.34%,3.21%,-0.77%,0.56%
3/3/2021,1.78,1.81,1.76,1.79,1.79,1434600,26.67,350.660004,2.92%,-1.09%,0.56%,94.39%,10.66%,-1.32%,0.00%
3/4/2021,1.78,1.84,1.76,1.79,1.79,1352700,28.57,346.339996,0.00%,1.66%,0.00%,-5.71%,7.12%,-1.23%,-0.56%
3/5/2021,1.81,1.92,1.76,1.78,1.78,2523500,24.66,352.690002,0.00%,4.35%,-0.56%,86.55%,-13.69%,1.83%,1.12%
3/8/2021,1.8,1.86,1.8,1.8,1.8,1097600,25.469999,350.959991,0.00%,-3.12%,1.12%,-56.50%,3.28%,-0.49%,1.11%
3/9/2021,1.81,1.85,1.81,1.82,1.82,877900,24.030001,355.869995,0.00%,-0.54%,1.11%,-20.02%,-5.65%,1.40%,-1.10%
3/10/2021,1.82,1.83,1.8,1.8,1.8,944600,22.559999,358.070007,2.27%,-1.08%,-1.10%,7.60%,-6.12%,0.62%,2.78%
3/11/2021,1.83,1.87,1.8,1.85,1.85,1206000,21.91,361.850006,0.56%,2.19%,2.78%,27.67%,-2.88%,1.06%,1.08%
3/12/2021,1.85,1.88,1.83,1.87,1.87,936900,20.690001,362.359985,-0.55%,0.53%,1.08%,-22.31%,-5.57%,0.14%,-1.60%
3/15/2021,1.85,1.86,1.83,1.84,1.84,1658300,20.030001,364.459991,0.00%,-1.06%,-1.60%,77.00%,-3.19%,0.58%,0.54%
3/16/2021,1.84,1.85,1.81,1.85,1.85,650800,19.790001,364.049988,1.67%,-0.54%,0.54%,-60.75%,-1.20%,-0.11%,-1.08%
3/17/2021,1.84,1.85,1.83,1.83,1.83,299300,19.23,365.23999,0.00%,0.00%,-1.08%,-54.01%,-2.83%,0.33%,1.09%
3/18/2021,1.83,1.86,1.8,1.85,1.85,1037200,21.58,359.869995,-1.09%,0.54%,1.09%,246.54%,12.22%,-1.47%,0.00%
3/19/2021,1.86,1.86,1.82,1.85,1.85,493200,20.950001,359.230011,1.10%,0.00%,0.00%,-52.45%,-2.92%,-0.18%,-0.54%
3/22/2021,1.85,1.87,1.84,1.84,1.84,1215900,18.879999,362.070007,-1.64%,0.54%,-0.54%,146.53%,-9.88%,0.79%,0.54%
3/23/2021,1.84,1.88,1.84,1.85,1.85,676000,20.299999,359.410004,1.11%,0.53%,0.54%,-44.40%,7.52%,-0.73%,0.00%
3/24/2021,1.84,1.88,1.84,1.85,1.85,1083800,21.200001,357.420013,1.10%,0.00%,0.00%,60.33%,4.43%,-0.55%,0.54%
3/25/2021,1.85,1.88,1.84,1.86,1.86,762000,19.809999,359.429993,0.00%,0.00%,0.54%,-29.69%,-6.56%,0.56%,0.00%
3/26/2021,1.86,1.87,1.85,1.86,1.86,416800,18.860001,364.01001,0.00%,-0.53%,0.00%,-45.30%,-4.80%,1.27%,5.38%
3/29/2021,1.86,1.96,1.85,1.96,1.96,2238000,20.74,363.790009,0.00%,4.81%,5.38%,436.95%,9.97%,-0.06%,0.00%
3/30/2021,1.92,1.96,1.91,1.96,1.96,1423600,19.610001,362.859985,0.54%,0.00%,0.00%,-36.39%,-5.45%,-0.26%,4.59%
3/31/2021,1.96,2.08,1.96,2.05,2.05,2977700,19.4,364.299988,0.00%,6.12%,4.59%,109.17%,-1.07%,0.40%,-1.46%
4/1/2021,2.06,2.07,2.01,2.02,2.02,734600,17.33,368.160004,3.24%,-0.48%,-1.46%,-75.33%,-10.67%,1.06%,0.50%
4/5/2021,2.02,2.06,2,2.03,2.03,1274600,17.91,373.470001,2.62%,-0.48%,0.50%,73.51%,3.35%,1.44%,-0.49%
4/6/2021,2.02,2.05,2,2.02,2.02,862700,18.120001,373.26001,2.55%,-0.49%,-0.49%,-32.32%,1.17%,-0.06%,7.92%
4/7/2021,2.02,2.19,2.02,2.18,2.18,3683700,17.16,373.730011,-0.50%,6.83%,7.92%,327.00%,-5.30%,0.13%,9.63%
4/8/2021,2.18,2.4,2.17,2.39,2.39,5542300,16.950001,375.549988,0.00%,9.59%,9.63%,50.45%,-1.22%,0.49%,-3.35%
4/9/2021,2.41,2.45,2.25,2.31,2.31,3067800,16.690001,378.25,1.00%,2.08%,-3.35%,-44.65%,-1.53%,0.72%,-6.06%
4/12/2021,2.31,2.31,2.15,2.17,2.17,2122500,16.91,378.420013,7.43%,-5.71%,-6.06%,-30.81%,1.32%,0.04%,-1.84%
4/13/2021,2.17,2.18,2.06,2.13,2.13,1505500,16.65,379.450012,3.69%,-5.63%,-1.84%,-29.07%,-1.54%,0.27%,3.29%
4/14/2021,2.12,2.28,2.1,2.2,2.2,959800,16.99,378.230011,-4.44%,4.59%,3.29%,-36.25%,2.04%,-0.32%,3.18%
4/15/2021,2.24,2.28,2.17,2.27,2.27,1691000,16.57,382.290009,-4.19%,0.00%,3.18%,76.18%,-2.47%,1.07%,3.96%
4/16/2021,2.27,2.44,2.2,2.36,2.36,4065400,16.25,383.630005,1.94%,7.02%,3.96%,140.41%,-1.93%,0.35%,0.42%
4/19/2021,2.36,2.43,2.32,2.37,2.37,1528200,17.290001,381.73999,3.33%,-0.41%,0.42%,-62.41%,6.40%,-0.49%,-2.95%
4/20/2021,2.37,2.38,2.23,2.3,2.3,2260800,18.68,378.940002,1.38%,-2.06%,-2.95%,47.94%,8.04%,-0.73%,3.04%
4/21/2021,2.26,2.4,2.25,2.37,2.37,1965100,17.5,382.5,5.45%,0.84%,3.04%,-13.08%,-6.32%,0.94%,1.27%
4/22/2021,2.39,2.41,2.33,2.4,2.4,2071200,18.709999,378.98999,-3.88%,0.42%,1.27%,5.40%,6.91%,-0.92%,1.67%
4/23/2021,2.41,2.45,2.34,2.44,2.44,2267200,17.33,383.029999,0.90%,1.66%,1.67%,9.46%,-7.38%,1.07%,-0.41%
4/26/2021,2.41,2.46,2.38,2.43,2.43,723700,17.639999,383.859985,3.56%,0.41%,-0.41%,-68.08%,1.79%,0.22%,-1.23%
4/27/2021,2.43,2.43,2.37,2.4,2.4,797900,17.559999,383.73999,0.43%,-1.22%,-1.23%,10.25%,-0.45%,-0.03%,0.00%
4/28/2021,2.4,2.41,2.38,2.4,2.4,766600,17.280001,383.559998,1.71%,-0.82%,0.00%,-3.92%,-1.59%,-0.05%,0.00%
4/29/2021,2.37,2.41,2.35,2.4,2.4,1730700,17.610001,386.119995,-0.42%,0.00%,0.00%,125.76%,1.91%,0.67%,-0.42%
4/30/2021,2.39,2.4,2.37,2.39,2.39,575900,18.610001,383.570007,0.42%,-0.41%,-0.42%,-66.72%,5.68%,-0.66%,-0.42%
5/3/2021,2.37,2.4,2.36,2.38,2.38,579300,18.309999,384.440002,-1.26%,0.00%,-0.42%,0.59%,-1.61%,0.23%,-6.72%
5/4/2021,2.37,2.37,2.13,2.22,2.22,3223700,19.48,382.100006,0.85%,-1.25%,-6.72%,456.48%,6.39%,-0.61%,0.90%
5/5/2021,2.2,2.24,2.15,2.24,2.24,1330000,19.15,382.170013,-0.42%,-5.49%,0.90%,-58.74%,-1.69%,0.02%,-1.34%
5/6/2021,2.21,2.24,2.15,2.21,2.21,966200,18.389999,385.279999,-9.75%,0.00%,-1.34%,-27.35%,-3.97%,0.81%,-1.81%
5/7/2021,2.21,2.22,2.16,2.17,2.17,1099200,16.690001,388.029999,0.94%,-0.89%,-1.81%,13.77%,-9.24%,0.71%,-0.46%
5/10/2021,2.16,2.21,2.14,2.16,2.16,774500,19.66,384.230011,0.00%,-0.45%,-0.46%,-29.54%,17.80%,-0.98%,-3.70%
5/11/2021,2.19,2.19,2.04,2.08,2.08,1878600,21.84,380.859985,0.47%,-0.90%,-3.70%,142.56%,11.09%,-0.88%,2.40%
5/12/2021,2.08,2.16,2.04,2.13,2.13,1379900,27.59,372.730011,-0.93%,-1.37%,2.40%,-26.55%,26.33%,-2.13%,-2.35%
5/13/2021,2.06,2.12,2.06,2.08,2.08,380200,23.129999,377.160004,-4.67%,-1.85%,-2.35%,-72.45%,-16.17%,1.19%,3.37%
5/14/2021,2.09,2.18,2.09,2.15,2.15,546300,18.809999,382.950012,0.00%,2.83%,3.37%,43.69%,-18.68%,1.54%,0.93%
5/17/2021,2.14,2.18,2.13,2.17,2.17,538700,19.719999,382.029999,0.98%,0.00%,0.93%,-1.39%,4.84%,-0.24%,0.00%
5/18/2021,2.17,2.18,2.14,2.17,2.17,299800,21.34,378.730011,1.46%,0.00%,0.00%,-44.35%,8.22%,-0.86%,-1.84%
5/19/2021,2.16,2.17,2.13,2.13,2.13,422700,22.18,377.730011,1.91%,-0.46%,-1.84%,40.99%,3.94%,-0.26%,-0.94%
5/20/2021,2.14,2.14,2.07,2.11,2.11,715000,20.67,381.76001,0.47%,-1.38%,-0.94%,69.15%,-6.81%,1.07%,3.32%
5/21/2021,2.1,2.2,2.09,2.18,2.18,480500,20.15,381.470001,-0.47%,2.80%,3.32%,-32.80%,-2.52%,-0.08%,-0.92%
5/24/2021,2.19,2.22,2.15,2.16,2.16,356500,18.4,385.320007,-2.82%,0.91%,-0.92%,-25.81%,-8.68%,1.01%,-3.24%
5/25/2021,2.15,2.18,2.09,2.09,2.09,410100,18.84,384.51001,0.97%,-1.80%,-3.24%,15.04%,2.39%,-0.21%,2.39%
5/26/2021,2.09,2.16,2.09,2.14,2.14,665700,17.360001,385.209991,2.87%,-0.92%,2.39%,62.33%,-7.86%,0.18%,1.40%
5/27/2021,2.14,2.18,2.13,2.17,2.17,541900,16.74,385.380005,-2.79%,0.93%,1.40%,-18.60%,-3.57%,0.04%,0.00%
5/28/2021,2.18,2.18,2.13,2.17,2.17,592000,16.76,386.130005,0.00%,0.00%,0.00%,9.25%,0.12%,0.19%,5.07%
6/1/2021,2.16,2.33,2.16,2.28,2.28,1486800,17.9,385.829987,1.91%,6.88%,5.07%,151.15%,6.80%,-0.08%,2.19%
6/2/2021,2.27,2.34,2.23,2.33,2.33,711300,17.48,386.480011,0.00%,0.43%,2.19%,-52.16%,-2.35%,0.17%,-1.29%
6/3/2021,2.3,2.37,2.26,2.3,2.3,484800,18.040001,385.01001,1.41%,1.28%,-1.29%,-31.84%,3.20%,-0.38%,0.87%
6/4/2021,2.28,2.35,2.28,2.32,2.32,414500,16.42,388.5,3.24%,-0.84%,0.87%,-14.50%,-8.98%,0.91%,3.45%
6/7/2021,2.35,2.4,2.33,2.4,2.4,1419400,16.42,388.170013,1.35%,2.13%,3.45%,242.44%,0.00%,-0.08%,-0.83%
6/8/2021,2.35,2.38,2.33,2.38,2.38,1467600,17.07,388.230011,0.88%,-0.83%,-0.83%,3.40%,3.96%,0.02%,0.00%
6/9/2021,2.36,2.39,2.34,2.38,2.38,894000,17.889999,387.619995,2.19%,0.42%,0.00%,-39.08%,4.80%,-0.16%,2.10%
6/10/2021,2.39,2.45,2.37,2.43,2.43,947900,16.1,389.410004,0.00%,2.51%,2.10%,6.03%,-10.01%,0.46%,-1.65%
6/11/2021,2.4,2.41,2.37,2.39,2.39,1012100,15.65,390.089996,0.43%,-1.63%,-1.65%,6.77%,-2.80%,0.17%,-1.67%
6/14/2021,2.38,2.41,2.25,2.35,2.35,1107000,16.389999,391.070007,1.28%,0.00%,-1.67%,9.38%,4.73%,0.25%,-2.55%
6/15/2021,2.33,2.37,2.25,2.29,2.29,716000,17.02,390.25,0.00%,-1.66%,-2.55%,-35.32%,3.84%,-0.21%,0.44%
6/16/2021,2.29,2.32,2.25,2.3,2.3,428700,18.15,388.109985,-5.06%,-2.11%,0.44%,-40.13%,6.64%,-0.55%,-3.48%
6/17/2021,2.31,2.34,2.15,2.22,2.22,1464600,17.75,387.970001,0.00%,0.86%,-3.48%,241.64%,-2.20%,-0.04%,1.80%
6/18/2021,2.18,2.26,2.17,2.26,2.26,247900,20.700001,382.820007,0.00%,-3.42%,1.80%,-83.07%,16.62%,-1.33%,0.88%
6/21/2021,2.26,2.35,2.24,2.28,2.28,503700,17.889999,388.179993,-4.44%,3.98%,0.88%,103.19%,-13.57%,1.40%,-2.19%
6/22/2021,2.26,2.3,2.18,2.23,2.23,724900,16.66,390.23999,0.93%,-2.13%,-2.19%,43.92%,-6.88%,0.53%,-36.77%
6/23/2021,2.21,2.46,1.21,1.41,1.41,41282300,16.32,389.820007,3.23%,6.96%,-36.77%,5594.90%,-2.04%,-0.11%,-7.80%
6/24/2021,1.55,1.55,1.28,1.3,1.3,18795300,15.97,392.049988,-2.68%,-36.99%,-7.80%,-54.47%,-2.14%,0.57%,-4.62%
6/25/2021,1.32,1.33,1.18,1.24,1.24,13891100,15.62,393.5,-44.50%,-14.19%,-4.62%,-26.09%,-2.19%,0.37%,-3.23%
6/28/2021,1.24,1.4,1.18,1.2,1.2,8037500,15.76,394.320007,5.79%,5.26%,-3.23%,-42.14%,0.90%,0.21%,10.00%
6/29/2021,1.23,1.34,1.21,1.32,1.32,8020800,16.02,393.160004,-7.81%,-4.29%,10.00%,-0.21%,1.65%,-0.29%,9.09%
6/30/2021,1.32,1.52,1.32,1.44,1.44,10891500,15.83,393.519989,0.00%,13.43%,9.09%,35.79%,-1.19%,0.09%,-6.25%
7/1/2021,1.49,1.5,1.33,1.35,1.35,6800200,15.48,395.73999,2.54%,-1.32%,-6.25%,-37.56%,-2.21%,0.56%,1.48%
7/2/2021,1.34,1.37,1.31,1.37,1.37,2072200,15.07,398.75,9.09%,-8.67%,1.48%,-69.53%,-2.65%,0.76%,-100.00%